101.00,-4.00,2.00,-1.00,-5.00,4.00,-1.00,3.00,3.00,-3.00,-1.00,0.00,0.00,-4.00,2.00,-4.00,-4.00,0.00,-3.00,2.00,1.00,-4.00,-1.00,-3.00,-2.00,-3.00,-3.00,-4.00,1.00,3.00,0.00,2.00,1.00,-4.00,3.00,4.00,-3.00,2.00,4.00,0.00,-1.00,-2.00,-4.00,-3.00,-2.00,-2.00,-1.00,-4.00,-4.00,-2.00,3.00,2.00,-1.00,-3.00,2.00,2.00,4.00,-2.00,-4.00,4.00,3.00,1.00,0.00,-5.00,-3.00,3.00,1.00,-5.00,-3.00,-1.00,3.00,1.00,0.00,-5.00,4.00,-5.00,-5.00,1.00,-4.00,-2.00,3.00,4.00,-2.00,-1.00,-1.00,1.00,-5.00,1.00,1.00,-4.00,3.00,-1.00,4.00,1.00,-2.00,2.00,3.00,3.00,-3.00,4.00,-1406.00
-4.00,101.00,-2.00,0.00,4.00,3.00,-1.00,-5.00,2.00,1.00,-2.00,1.00,-4.00,0.00,-1.00,-3.00,-5.00,4.00,2.00,-2.00,2.00,-3.00,1.00,-5.00,-4.00,1.00,0.00,2.00,0.00,-1.00,-4.00,-3.00,-5.00,-5.00,-4.00,-1.00,1.00,-5.00,2.00,-4.00,2.00,2.00,2.00,2.00,-2.00,-2.00,0.00,4.00,4.00,3.00,-4.00,3.00,-3.00,1.00,1.00,-5.00,-2.00,3.00,-5.00,-4.00,-3.00,0.00,-5.00,4.00,-1.00,2.00,3.00,-2.00,0.00,-4.00,-3.00,-5.00,-4.00,1.00,-1.00,-5.00,1.00,-4.00,3.00,4.00,3.00,-1.00,-4.00,-1.00,-2.00,4.00,3.00,3.00,-5.00,3.00,2.00,2.00,3.00,-2.00,3.00,-2.00,2.00,-4.00,-5.00,2.00,-2209.00
-2.00,-1.00,101.00,4.00,1.00,0.00,-4.00,-5.00,4.00,4.00,1.00,3.00,-2.00,-1.00,3.00,-1.00,4.00,4.00,-3.00,0.00,0.00,-2.00,-2.00,-2.00,2.00,-1.00,-2.00,3.00,-5.00,3.00,3.00,-5.00,1.00,3.00,-4.00,4.00,3.00,4.00,2.00,-3.00,-3.00,3.00,-3.00,3.00,4.00,-5.00,2.00,3.00,-4.00,0.00,3.00,1.00,-4.00,-3.00,-1.00,-3.00,0.00,3.00,1.00,-3.00,1.00,0.00,-2.00,4.00,-3.00,-1.00,1.00,-4.00,3.00,-3.00,-4.00,-4.00,4.00,2.00,1.00,-3.00,4.00,0.00,-3.00,-5.00,-5.00,-2.00,4.00,-4.00,3.00,-4.00,4.00,0.00,-2.00,-3.00,0.00,-3.00,0.00,3.00,1.00,2.00,2.00,-3.00,-3.00,4.00,-1098.00
-1.00,-4.00,4.00,101.00,1.00,4.00,3.00,-3.00,0.00,0.00,-1.00,4.00,-4.00,-3.00,0.00,-5.00,3.00,-2.00,4.00,-2.00,4.00,1.00,2.00,4.00,4.00,2.00,1.00,4.00,-2.00,0.00,2.00,1.00,1.00,0.00,3.00,-3.00,0.00,-1.00,-1.00,-4.00,1.00,-4.00,1.00,-2.00,-2.00,0.00,0.00,-2.00,-3.00,3.00,-3.00,0.00,-2.00,1.00,-4.00,3.00,1.00,-3.00,-4.00,-1.00,1.00,-3.00,4.00,-4.00,0.00,-5.00,-2.00,1.00,-1.00,4.00,-3.00,4.00,-2.00,-1.00,-1.00,-5.00,0.00,4.00,1.00,-2.00,-1.00,-3.00,3.00,3.00,2.00,0.00,3.00,-4.00,-3.00,0.00,2.00,-1.00,-1.00,-1.00,-1.00,-1.00,-3.00,4.00,-2.00,-5.00,-1892.00
2.00,2.00,3.00,2.00,101.00,-2.00,-5.00,-2.00,3.00,-3.00,0.00,-3.00,-5.00,-2.00,2.00,-3.00,4.00,2.00,0.00,-2.00,-1.00,-2.00,-3.00,-4.00,-4.00,-2.00,-3.00,0.00,-2.00,0.00,-4.00,-3.00,-3.00,-3.00,1.00,-1.00,-5.00,2.00,-5.00,-2.00,-1.00,-5.00,-5.00,0.00,-2.00,-4.00,-5.00,1.00,2.00,0.00,-5.00,-5.00,-1.00,0.00,-1.00,4.00,0.00,1.00,-1.00,3.00,-3.00,-4.00,1.00,3.00,-2.00,-4.00,-1.00,3.00,-1.00,4.00,-3.00,-5.00,2.00,-5.00,1.00,-5.00,2.00,-5.00,0.00,1.00,2.00,-2.00,3.00,-1.00,4.00,-3.00,1.00,0.00,2.00,2.00,-1.00,0.00,2.00,4.00,3.00,-2.00,-5.00,-3.00,-3.00,-2.00,-3499.00
1.00,2.00,-4.00,0.00,0.00,101.00,-1.00,-5.00,-3.00,1.00,-5.00,1.00,-4.00,-4.00,-4.00,2.00,-2.00,-5.00,-5.00,-1.00,3.00,-2.00,-5.00,-4.00,-3.00,4.00,-5.00,-2.00,3.00,3.00,0.00,2.00,2.00,-5.00,3.00,4.00,-2.00,-5.00,2.00,-1.00,2.00,3.00,-2.00,2.00,-4.00,-5.00,-5.00,3.00,-2.00,-1.00,0.00,-5.00,-4.00,-1.00,0.00,1.00,-3.00,-5.00,-2.00,0.00,1.00,1.00,1.00,2.00,1.00,2.00,2.00,-4.00,4.00,-4.00,1.00,-3.00,2.00,-3.00,2.00,1.00,0.00,-4.00,-2.00,4.00,4.00,0.00,4.00,-3.00,1.00,0.00,-2.00,-3.00,-1.00,-1.00,-1.00,-3.00,2.00,4.00,-3.00,-2.00,2.00,-2.00,-4.00,0.00,-2149.00
2.00,3.00,0.00,3.00,-2.00,-3.00,101.00,-1.00,-4.00,-4.00,0.00,4.00,0.00,-4.00,-5.00,1.00,-1.00,0.00,-2.00,-5.00,3.00,4.00,-4.00,-2.00,-1.00,2.00,-1.00,1.00,-2.00,1.00,0.00,-3.00,3.00,-4.00,-5.00,-2.00,-4.00,0.00,0.00,-3.00,-3.00,-4.00,2.00,-1.00,3.00,-3.00,-2.00,1.00,-2.00,-5.00,-2.00,0.00,-3.00,3.00,-5.00,2.00,-3.00,-3.00,0.00,4.00,-4.00,-5.00,3.00,0.00,-5.00,2.00,4.00,-5.00,0.00,-2.00,-1.00,-4.00,-5.00,-1.00,3.00,0.00,4.00,-3.00,0.00,-1.00,-4.00,-2.00,4.00,0.00,3.00,-3.00,2.00,4.00,1.00,-4.00,2.00,2.00,-4.00,4.00,-5.00,-2.00,-1.00,-4.00,2.00,0.00,-3098.00
-2.00,-2.00,-3.00,-1.00,-4.00,-3.00,4.00,101.00,-5.00,3.00,2.00,-1.00,0.00,1.00,3.00,-5.00,2.00,2.00,-1.00,-2.00,-4.00,-2.00,1.00,-2.00,-5.00,-4.00,4.00,-5.00,-1.00,-3.00,4.00,-2.00,-4.00,-1.00,3.00,-3.00,-5.00,0.00,0.00,4.00,-2.00,-3.00,3.00,2.00,-1.00,3.00,-4.00,-1.00,-2.00,0.00,0.00,-3.00,1.00,3.00,4.00,-3.00,4.00,0.00,4.00,-1.00,0.00,-5.00,0.00,3.00,3.00,-5.00,-4.00,-2.00,-3.00,-3.00,-3.00,2.00,-5.00,-2.00,-4.00,-2.00,-2.00,2.00,-5.00,4.00,0.00,0.00,3.00,-2.00,2.00,3.00,-2.00,2.00,4.00,-2.00,4.00,-4.00,3.00,-3.00,3.00,-5.00,-4.00,3.00,-1.00,3.00,-1209.00
1.00,-5.00,4.00,-2.00,-5.00,-5.00,3.00,2.00,101.00,1.00,-2.00,0.00,1.00,0.00,3.00,-2.00,4.00,-1.00,3.00,-2.00,4.00,2.00,1.00,-1.00,0.00,3.00,1.00,-4.00,0.00,0.00,-4.00,4.00,1.00,-1.00,0.00,-1.00,-3.00,0.00,-2.00,-3.00,1.00,3.00,-3.00,1.00,1.00,-2.00,4.00,-1.00,0.00,1.00,-3.00,0.00,-2.00,0.00,1.00,1.00,-4.00,-1.00,-1.00,1.00,-3.00,1.00,3.00,-3.00,0.00,0.00,-4.00,-5.00,-4.00,0.00,-4.00,2.00,1.00,-5.00,-5.00,-3.00,-1.00,-2.00,-2.00,1.00,-3.00,3.00,-3.00,-2.00,-1.00,-2.00,-1.00,-2.00,1.00,3.00,-1.00,2.00,-2.00,4.00,3.00,-5.00,-5.00,3.00,3.00,-5.00,-2703.00
0.00,-4.00,-1.00,-2.00,1.00,-2.00,4.00,-3.00,-4.00,101.00,4.00,3.00,-3.00,-2.00,-1.00,-5.00,-3.00,-2.00,-4.00,4.00,3.00,4.00,3.00,4.00,-4.00,-2.00,0.00,-4.00,-1.00,-3.00,0.00,-2.00,3.00,4.00,-3.00,3.00,2.00,-5.00,-4.00,-1.00,3.00,-4.00,4.00,-2.00,0.00,4.00,2.00,4.00,3.00,-5.00,-4.00,-1.00,2.00,0.00,0.00,0.00,-5.00,4.00,-3.00,3.00,-3.00,-1.00,0.00,-5.00,-1.00,-1.00,-5.00,0.00,-4.00,-4.00,0.00,4.00,-5.00,3.00,-2.00,3.00,2.00,-3.00,1.00,4.00,-2.00,3.00,-4.00,-5.00,-2.00,-2.00,3.00,-1.00,3.00,-5.00,-4.00,0.00,-1.00,-4.00,-2.00,2.00,-2.00,0.00,3.00,0.00,-2005.00
1.00,4.00,-5.00,3.00,4.00,-2.00,1.00,-5.00,1.00,4.00,101.00,2.00,3.00,4.00,-1.00,-4.00,0.00,1.00,1.00,1.00,1.00,1.00,2.00,-4.00,-1.00,-5.00,1.00,-4.00,-3.00,-4.00,-1.00,4.00,0.00,-3.00,-2.00,-1.00,-4.00,0.00,-3.00,-2.00,-4.00,1.00,3.00,3.00,-3.00,2.00,2.00,-4.00,-3.00,1.00,-5.00,-1.00,4.00,-1.00,1.00,-5.00,-2.00,1.00,-3.00,-1.00,0.00,3.00,3.00,-4.00,-3.00,-4.00,-1.00,4.00,3.00,-3.00,-1.00,0.00,-3.00,4.00,4.00,3.00,-2.00,3.00,1.00,4.00,3.00,1.00,1.00,-3.00,-2.00,3.00,-3.00,1.00,-3.00,2.00,0.00,2.00,3.00,-3.00,2.00,3.00,-5.00,-3.00,-5.00,3.00,106.00
4.00,-3.00,3.00,-3.00,-5.00,0.00,0.00,-3.00,2.00,1.00,2.00,101.00,3.00,2.00,3.00,-4.00,1.00,-5.00,4.00,0.00,3.00,4.00,-5.00,-5.00,-5.00,2.00,-3.00,0.00,0.00,-3.00,-4.00,-1.00,3.00,1.00,-1.00,1.00,3.00,4.00,3.00,-2.00,0.00,0.00,-4.00,0.00,0.00,3.00,-1.00,-5.00,0.00,-1.00,2.00,-3.00,-4.00,-1.00,4.00,4.00,-5.00,-2.00,-5.00,-2.00,0.00,-5.00,2.00,1.00,2.00,3.00,-2.00,1.00,-1.00,-1.00,-4.00,4.00,0.00,0.00,2.00,-1.00,2.00,-2.00,-1.00,-5.00,3.00,3.00,-4.00,0.00,-3.00,-2.00,-3.00,-1.00,1.00,1.00,1.00,-3.00,4.00,-5.00,-1.00,4.00,-2.00,-4.00,-4.00,4.00,-1270.00
4.00,0.00,0.00,0.00,1.00,-5.00,0.00,4.00,-1.00,1.00,-2.00,-1.00,101.00,4.00,-5.00,0.00,-2.00,4.00,-4.00,-3.00,3.00,3.00,-4.00,3.00,1.00,-5.00,-3.00,-1.00,4.00,-5.00,-3.00,-3.00,-4.00,0.00,-1.00,-1.00,-1.00,-3.00,0.00,-5.00,-1.00,-3.00,-4.00,-3.00,2.00,2.00,4.00,0.00,0.00,-1.00,-5.00,-2.00,-1.00,-4.00,-3.00,-3.00,4.00,3.00,-3.00,-3.00,2.00,3.00,0.00,3.00,-2.00,4.00,-1.00,-1.00,1.00,4.00,3.00,0.00,1.00,1.00,-5.00,2.00,-3.00,2.00,-3.00,1.00,-1.00,2.00,-4.00,-2.00,-3.00,-4.00,1.00,-2.00,3.00,-2.00,-3.00,3.00,1.00,-5.00,-4.00,-3.00,1.00,-5.00,0.00,-1.00,-2575.00
1.00,2.00,4.00,-2.00,-1.00,2.00,3.00,3.00,-4.00,1.00,-2.00,3.00,2.00,101.00,1.00,-4.00,2.00,-3.00,-2.00,2.00,3.00,0.00,3.00,0.00,3.00,2.00,-2.00,-2.00,-4.00,-5.00,3.00,-4.00,-5.00,4.00,-3.00,-1.00,4.00,-4.00,0.00,2.00,-2.00,-2.00,-1.00,-3.00,-3.00,-5.00,-4.00,-3.00,2.00,2.00,-5.00,-3.00,-1.00,-4.00,-5.00,-2.00,2.00,-2.00,4.00,0.00,4.00,2.00,-3.00,-5.00,-3.00,3.00,1.00,2.00,-5.00,3.00,-4.00,3.00,-2.00,-5.00,-2.00,1.00,-3.00,-5.00,-3.00,3.00,-1.00,-4.00,3.00,-2.00,2.00,0.00,3.00,-4.00,2.00,-5.00,-1.00,3.00,3.00,-4.00,-2.00,1.00,2.00,3.00,4.00,0.00,-1486.00
0.00,0.00,1.00,1.00,-2.00,-5.00,-5.00,3.00,3.00,-3.00,-2.00,-5.00,1.00,0.00,101.00,-5.00,4.00,2.00,-3.00,-3.00,3.00,-3.00,4.00,-1.00,-1.00,3.00,-3.00,2.00,-3.00,0.00,3.00,-1.00,2.00,-2.00,4.00,0.00,-4.00,4.00,-5.00,-3.00,3.00,-2.00,-4.00,-1.00,-2.00,-4.00,-5.00,-1.00,-5.00,2.00,4.00,-5.00,3.00,-4.00,-1.00,-5.00,2.00,4.00,0.00,-2.00,3.00,-3.00,-2.00,-3.00,-4.00,-5.00,-1.00,-5.00,2.00,0.00,4.00,-5.00,0.00,-4.00,-3.00,-5.00,4.00,3.00,4.00,-4.00,2.00,-2.00,-2.00,-5.00,2.00,1.00,1.00,-5.00,-3.00,3.00,4.00,3.00,4.00,4.00,4.00,-1.00,-3.00,-5.00,3.00,2.00,-814.00
3.00,2.00,-2.00,-5.00,2.00,1.00,-1.00,-3.00,-4.00,4.00,-4.00,1.00,-5.00,-2.00,-2.00,101.00,1.00,-3.00,-3.00,-4.00,-1.00,-2.00,-3.00,1.00,-5.00,0.00,-1.00,4.00,1.00,-5.00,3.00,-3.00,2.00,-1.00,-5.00,2.00,1.00,-5.00,-4.00,-3.00,4.00,-2.00,3.00,0.00,-4.00,0.00,1.00,1.00,3.00,3.00,4.00,3.00,2.00,-5.00,2.00,4.00,-4.00,0.00,3.00,1.00,-2.00,4.00,-1.00,0.00,-2.00,3.00,-3.00,-2.00,4.00,-1.00,3.00,0.00,-4.00,-2.00,-3.00,3.00,-4.00,1.00,-1.00,1.00,2.00,2.00,4.00,1.00,-1.00,-4.00,4.00,-3.00,1.00,-2.00,-4.00,0.00,4.00,2.00,-5.00,-3.00,1.00,-4.00,2.00,1.00,732.00
-3.00,0.00,-2.00,-1.00,-5.00,2.00,0.00,0.00,-2.00,-4.00,3.00,3.00,3.00,-5.00,-4.00,2.00,101.00,0.00,-5.00,0.00,4.00,-5.00,4.00,-2.00,0.00,-1.00,-3.00,2.00,-3.00,1.00,2.00,-3.00,-3.00,-5.00,-4.00,-4.00,2.00,0.00,4.00,-4.00,3.00,-4.00,2.00,3.00,1.00,1.00,4.00,4.00,-3.00,1.00,1.00,0.00,3.00,-1.00,-5.00,-2.00,2.00,3.00,-2.00,-4.00,-4.00,-3.00,0.00,2.00,1.00,-3.00,-4.00,1.00,-4.00,-4.00,0.00,2.00,-1.00,3.00,0.00,1.00,-1.00,4.00,3.00,-1.00,-2.00,-3.00,0.00,-2.00,3.00,-2.00,-3.00,2.00,-5.00,1.00,3.00,-5.00,-4.00,-4.00,4.00,0.00,-2.00,1.00,-2.00,-4.00,-1425.00
0.00,-2.00,-1.00,-5.00,-2.00,-4.00,2.00,4.00,-5.00,-2.00,0.00,-3.00,4.00,-4.00,-3.00,1.00,-4.00,101.00,2.00,-5.00,-4.00,0.00,-3.00,-3.00,4.00,-5.00,0.00,-4.00,3.00,-2.00,1.00,3.00,3.00,1.00,-4.00,1.00,1.00,2.00,-5.00,-1.00,4.00,3.00,4.00,-1.00,4.00,3.00,2.00,0.00,1.00,-1.00,3.00,1.00,3.00,2.00,3.00,-5.00,4.00,0.00,1.00,4.00,-5.00,-5.00,-4.00,-2.00,0.00,0.00,3.00,-5.00,-4.00,2.00,2.00,-1.00,1.00,2.00,-5.00,2.00,-1.00,-4.00,-3.00,-4.00,3.00,-2.00,0.00,2.00,-4.00,-1.00,2.00,1.00,3.00,-3.00,-2.00,-5.00,-3.00,2.00,3.00,3.00,0.00,4.00,2.00,-4.00,908.00
-2.00,-1.00,2.00,-4.00,-2.00,2.00,-4.00,-3.00,2.00,0.00,-2.00,-1.00,-1.00,0.00,0.00,-4.00,-1.00,-4.00,101.00,-3.00,1.00,1.00,-2.00,-2.00,-5.00,-5.00,3.00,-4.00,-2.00,3.00,-4.00,1.00,4.00,3.00,-5.00,-4.00,-2.00,4.00,-2.00,4.00,-2.00,1.00,0.00,0.00,-1.00,-5.00,0.00,-5.00,1.00,0.00,0.00,-4.00,3.00,4.00,1.00,-3.00,-3.00,0.00,-5.00,0.00,-3.00,0.00,-3.00,-5.00,1.00,2.00,-3.00,3.00,-5.00,-5.00,1.00,3.00,-2.00,-5.00,1.00,-1.00,-2.00,2.00,-5.00,0.00,-3.00,-5.00,2.00,0.00,1.00,-4.00,3.00,-4.00,3.00,0.00,1.00,0.00,4.00,-3.00,1.00,0.00,-3.00,-2.00,-3.00,-4.00,-2915.00
-3.00,-3.00,3.00,3.00,3.00,2.00,-1.00,-5.00,-5.00,0.00,4.00,4.00,0.00,-2.00,-5.00,4.00,4.00,0.00,-4.00,101.00,-4.00,-4.00,-3.00,-2.00,-2.00,4.00,2.00,-3.00,-2.00,-2.00,-5.00,-1.00,3.00,-1.00,-2.00,4.00,-3.00,-1.00,4.00,-5.00,0.00,2.00,-1.00,2.00,1.00,1.00,-2.00,-5.00,4.00,-5.00,3.00,-5.00,-4.00,0.00,-4.00,-5.00,-2.00,4.00,0.00,3.00,4.00,1.00,-3.00,0.00,2.00,1.00,-2.00,3.00,0.00,4.00,-2.00,-5.00,-3.00,0.00,-4.00,0.00,2.00,2.00,4.00,-1.00,-4.00,2.00,3.00,0.00,2.00,3.00,3.00,-1.00,-3.00,-2.00,3.00,-1.00,-4.00,-2.00,-5.00,-1.00,-4.00,2.00,2.00,-3.00,-114.00
-4.00,-2.00,-4.00,-2.00,-4.00,0.00,-4.00,0.00,-5.00,0.00,-4.00,-3.00,-3.00,-4.00,0.00,0.00,-2.00,3.00,4.00,-3.00,101.00,3.00,-1.00,-3.00,2.00,0.00,3.00,-1.00,-5.00,4.00,-1.00,-1.00,-2.00,0.00,3.00,-1.00,-4.00,-5.00,-2.00,-2.00,-1.00,-5.00,1.00,2.00,0.00,0.00,1.00,-5.00,4.00,3.00,-2.00,0.00,2.00,4.00,-5.00,-1.00,3.00,2.00,-1.00,-5.00,-3.00,-2.00,0.00,-1.00,-4.00,1.00,1.00,-1.00,0.00,-3.00,4.00,-4.00,-3.00,-1.00,4.00,4.00,-2.00,2.00,1.00,0.00,3.00,2.00,3.00,4.00,2.00,2.00,-4.00,1.00,0.00,-5.00,-4.00,-2.00,-3.00,1.00,-5.00,0.00,2.00,-1.00,-1.00,4.00,629.00
-5.00,1.00,-4.00,-4.00,4.00,-5.00,-1.00,-3.00,-4.00,4.00,2.00,-5.00,4.00,-2.00,-2.00,-2.00,-4.00,-2.00,0.00,1.00,4.00,101.00,0.00,4.00,3.00,3.00,-2.00,4.00,0.00,-4.00,-2.00,1.00,-3.00,3.00,3.00,-4.00,4.00,3.00,-4.00,-2.00,-2.00,-1.00,-2.00,4.00,-3.00,2.00,-3.00,-4.00,2.00,1.00,-4.00,2.00,-2.00,-5.00,1.00,-5.00,-3.00,0.00,1.00,-5.00,2.00,-3.00,-5.00,4.00,0.00,-1.00,-2.00,-3.00,0.00,1.00,-5.00,3.00,3.00,-4.00,0.00,2.00,0.00,2.00,4.00,-3.00,-2.00,2.00,-3.00,2.00,4.00,-2.00,1.00,-2.00,3.00,-4.00,-5.00,1.00,3.00,2.00,1.00,0.00,-4.00,-3.00,4.00,0.00,381.00
1.00,-4.00,0.00,-1.00,-4.00,-2.00,3.00,0.00,-5.00,4.00,-3.00,-4.00,-2.00,-2.00,0.00,-3.00,4.00,-5.00,-1.00,3.00,0.00,2.00,101.00,-2.00,-2.00,-5.00,-2.00,-5.00,-2.00,-3.00,-4.00,-4.00,-5.00,3.00,-4.00,3.00,2.00,-3.00,3.00,4.00,-3.00,-2.00,-5.00,-3.00,3.00,-3.00,0.00,0.00,3.00,-4.00,-3.00,-1.00,4.00,3.00,3.00,-3.00,2.00,-4.00,2.00,4.00,0.00,-5.00,-2.00,-1.00,-5.00,-4.00,0.00,-2.00,-1.00,-3.00,-2.00,-3.00,4.00,-1.00,4.00,-3.00,-1.00,4.00,-5.00,-1.00,-1.00,4.00,3.00,0.00,-2.00,-3.00,-2.00,-5.00,-4.00,2.00,-4.00,4.00,3.00,3.00,-2.00,-3.00,4.00,-2.00,-2.00,-3.00,-1461.00
3.00,-2.00,-1.00,-5.00,-3.00,-5.00,-4.00,-3.00,-4.00,-5.00,2.00,1.00,1.00,3.00,-5.00,0.00,3.00,3.00,4.00,0.00,2.00,-2.00,-3.00,101.00,-3.00,-3.00,-5.00,-5.00,-3.00,-2.00,-4.00,1.00,3.00,2.00,2.00,-3.00,3.00,2.00,4.00,0.00,4.00,-3.00,4.00,-4.00,-2.00,-5.00,3.00,-4.00,4.00,-3.00,-5.00,-3.00,-1.00,2.00,0.00,3.00,-4.00,-5.00,-5.00,2.00,-4.00,1.00,4.00,-2.00,-5.00,-2.00,2.00,-2.00,-5.00,-1.00,-2.00,-3.00,-2.00,-4.00,-5.00,-3.00,2.00,2.00,-4.00,-2.00,-5.00,2.00,-5.00,-2.00,1.00,-2.00,-4.00,4.00,0.00,1.00,-4.00,0.00,-4.00,-5.00,4.00,2.00,-2.00,-5.00,3.00,-4.00,-3765.00
0.00,-4.00,2.00,-4.00,2.00,4.00,-1.00,4.00,3.00,-5.00,-5.00,-4.00,3.00,0.00,-5.00,3.00,4.00,-3.00,3.00,-5.00,3.00,0.00,-4.00,-1.00,101.00,2.00,-2.00,1.00,-4.00,1.00,3.00,-5.00,3.00,1.00,0.00,2.00,-4.00,-5.00,-3.00,3.00,-2.00,0.00,0.00,1.00,-4.00,-1.00,4.00,-2.00,3.00,-2.00,-3.00,-2.00,-2.00,2.00,-2.00,-5.00,-4.00,-1.00,3.00,2.00,3.00,4.00,3.00,4.00,2.00,4.00,-4.00,4.00,0.00,3.00,4.00,1.00,4.00,-2.00,-2.00,-4.00,-1.00,-4.00,-1.00,0.00,2.00,1.00,-2.00,-1.00,1.00,-2.00,3.00,-2.00,-1.00,-3.00,2.00,3.00,4.00,-5.00,-4.00,-1.00,-5.00,2.00,-2.00,-1.00,1346.00
4.00,-1.00,0.00,1.00,3.00,4.00,3.00,4.00,4.00,2.00,-5.00,3.00,-1.00,0.00,1.00,4.00,-2.00,1.00,-3.00,-5.00,-5.00,1.00,0.00,-4.00,1.00,101.00,-4.00,4.00,2.00,-2.00,0.00,-5.00,-5.00,1.00,0.00,-4.00,3.00,-3.00,2.00,-3.00,-1.00,0.00,-3.00,-3.00,0.00,3.00,1.00,4.00,3.00,-2.00,0.00,0.00,-5.00,0.00,3.00,-4.00,0.00,-5.00,2.00,-2.00,-1.00,-4.00,0.00,1.00,-1.00,-4.00,2.00,-5.00,-1.00,-5.00,1.00,-4.00,-5.00,0.00,0.00,-3.00,0.00,3.00,-2.00,-3.00,2.00,3.00,0.00,-3.00,2.00,-3.00,4.00,2.00,1.00,-2.00,-4.00,0.00,4.00,3.00,4.00,0.00,-1.00,4.00,0.00,-3.00,521.00
0.00,-3.00,-3.00,-2.00,-5.00,3.00,2.00,-3.00,3.00,-2.00,2.00,0.00,-1.00,-4.00,3.00,-3.00,4.00,1.00,3.00,4.00,3.00,-4.00,1.00,-2.00,2.00,0.00,101.00,-1.00,-4.00,-5.00,-4.00,-3.00,-3.00,3.00,0.00,-1.00,1.00,2.00,2.00,-2.00,-1.00,-1.00,4.00,-4.00,3.00,-2.00,3.00,2.00,4.00,2.00,-4.00,-4.00,-1.00,-2.00,0.00,-3.00,4.00,-4.00,0.00,0.00,1.00,2.00,4.00,-5.00,-3.00,-2.00,-4.00,4.00,3.00,2.00,3.00,-1.00,-1.00,-1.00,-2.00,0.00,3.00,-5.00,-3.00,4.00,-1.00,4.00,3.00,-2.00,0.00,-5.00,-1.00,-2.00,0.00,-3.00,0.00,2.00,2.00,2.00,-1.00,-1.00,-5.00,-1.00,-4.00,-4.00,437.00
0.00,-1.00,-5.00,-3.00,3.00,1.00,3.00,-4.00,-1.00,2.00,1.00,-1.00,4.00,3.00,2.00,-2.00,3.00,1.00,-3.00,3.00,-5.00,4.00,3.00,-5.00,-1.00,4.00,1.00,101.00,3.00,-3.00,3.00,-1.00,2.00,4.00,-1.00,-5.00,2.00,-1.00,3.00,-4.00,3.00,-3.00,-3.00,-4.00,-1.00,1.00,1.00,4.00,-2.00,3.00,-4.00,-2.00,1.00,-1.00,0.00,-3.00,-3.00,-5.00,-4.00,-5.00,-2.00,3.00,2.00,-2.00,-2.00,-4.00,-1.00,0.00,1.00,-4.00,-3.00,-4.00,4.00,-4.00,3.00,-5.00,-1.00,2.00,2.00,-1.00,-4.00,-4.00,4.00,3.00,-4.00,-5.00,-2.00,-3.00,0.00,-5.00,-2.00,-3.00,-3.00,1.00,-2.00,-2.00,1.00,-4.00,0.00,3.00,-2290.00
-3.00,-4.00,4.00,-2.00,4.00,2.00,-3.00,-4.00,-2.00,-3.00,-5.00,4.00,-3.00,2.00,-1.00,0.00,-5.00,-2.00,-3.00,4.00,2.00,3.00,-5.00,-4.00,-4.00,-1.00,2.00,-1.00,101.00,-2.00,4.00,4.00,1.00,2.00,1.00,-3.00,-5.00,4.00,1.00,-3.00,-2.00,-5.00,-2.00,0.00,-4.00,4.00,1.00,2.00,4.00,-3.00,2.00,0.00,1.00,3.00,-3.00,-1.00,1.00,-2.00,-5.00,4.00,-4.00,3.00,2.00,1.00,3.00,-1.00,-5.00,-2.00,2.00,4.00,1.00,-3.00,-3.00,2.00,-2.00,-5.00,2.00,-2.00,-5.00,2.00,-2.00,1.00,-1.00,1.00,2.00,-1.00,-5.00,-4.00,-3.00,-1.00,-1.00,1.00,-2.00,-1.00,0.00,-5.00,-3.00,-5.00,-4.00,1.00,-1328.00
4.00,-2.00,2.00,4.00,-4.00,0.00,-3.00,-1.00,-1.00,-4.00,-2.00,-1.00,1.00,3.00,3.00,2.00,-5.00,-2.00,-1.00,-1.00,1.00,2.00,-4.00,3.00,-4.00,-3.00,-4.00,-3.00,-2.00,101.00,-4.00,-4.00,-4.00,-5.00,3.00,4.00,-4.00,-5.00,4.00,2.00,2.00,-1.00,0.00,-4.00,1.00,2.00,3.00,-2.00,4.00,-2.00,-4.00,-2.00,4.00,1.00,-2.00,2.00,0.00,-3.00,-5.00,2.00,-4.00,2.00,-5.00,1.00,2.00,-4.00,2.00,0.00,-1.00,3.00,-4.00,2.00,0.00,-3.00,-4.00,2.00,0.00,-2.00,-4.00,-5.00,-5.00,-5.00,0.00,-5.00,-5.00,2.00,3.00,1.00,-1.00,4.00,-4.00,-1.00,3.00,-5.00,3.00,4.00,4.00,2.00,4.00,4.00,777.00
4.00,1.00,-5.00,1.00,-2.00,3.00,-5.00,-2.00,1.00,4.00,-1.00,-3.00,-5.00,-1.00,-1.00,-2.00,1.00,4.00,-4.00,3.00,4.00,-4.00,-4.00,3.00,1.00,-2.00,0.00,-5.00,4.00,-4.00,101.00,-5.00,3.00,-3.00,-3.00,1.00,3.00,4.00,2.00,2.00,3.00,4.00,-2.00,-5.00,0.00,1.00,-2.00,4.00,2.00,2.00,-1.00,-2.00,0.00,3.00,-2.00,-2.00,-2.00,1.00,-4.00,-5.00,-1.00,2.00,-1.00,-3.00,2.00,-4.00,0.00,2.00,-3.00,-3.00,2.00,-5.00,-2.00,1.00,-5.00,4.00,3.00,4.00,1.00,-1.00,-5.00,-3.00,4.00,-5.00,-2.00,-3.00,-3.00,-1.00,2.00,2.00,-1.00,0.00,-2.00,-4.00,-2.00,-2.00,-1.00,-2.00,0.00,-3.00,-666.00
-4.00,1.00,4.00,3.00,3.00,-1.00,-4.00,-1.00,0.00,2.00,-2.00,-5.00,-3.00,2.00,2.00,2.00,-5.00,-3.00,-5.00,-5.00,3.00,1.00,-1.00,0.00,-5.00,-4.00,0.00,2.00,-2.00,-3.00,2.00,101.00,4.00,-4.00,-4.00,-1.00,-5.00,-2.00,-2.00,-4.00,0.00,3.00,-2.00,-5.00,0.00,-4.00,-5.00,-3.00,0.00,-4.00,-5.00,-1.00,-5.00,1.00,-1.00,3.00,4.00,0.00,1.00,-3.00,-3.00,-3.00,-4.00,2.00,-1.00,2.00,3.00,1.00,-5.00,-5.00,-3.00,-4.00,-2.00,4.00,-3.00,-1.00,-4.00,0.00,-1.00,-5.00,1.00,1.00,3.00,-4.00,-2.00,-2.00,-4.00,-5.00,0.00,3.00,4.00,-2.00,3.00,4.00,3.00,-1.00,-2.00,4.00,4.00,1.00,-592.00
4.00,2.00,2.00,-3.00,0.00,-3.00,-2.00,-3.00,3.00,-2.00,-2.00,3.00,0.00,2.00,3.00,3.00,-4.00,-2.00,0.00,-4.00,-3.00,-5.00,3.00,1.00,0.00,0.00,-2.00,4.00,0.00,-2.00,0.00,-1.00,101.00,3.00,0.00,-5.00,-2.00,0.00,-5.00,3.00,-1.00,-2.00,0.00,3.00,-4.00,-3.00,1.00,-5.00,-3.00,-3.00,-4.00,1.00,0.00,-5.00,-4.00,2.00,2.00,-2.00,3.00,-2.00,0.00,-4.00,-2.00,-3.00,-4.00,4.00,-1.00,-3.00,-2.00,-5.00,-4.00,-1.00,3.00,1.00,1.00,-4.00,-2.00,3.00,2.00,4.00,-1.00,-1.00,-2.00,0.00,-1.00,-1.00,-3.00,2.00,2.00,0.00,1.00,1.00,4.00,-5.00,2.00,-5.00,4.00,3.00,1.00,2.00,934.00
-2.00,-3.00,-5.00,-4.00,0.00,-2.00,0.00,1.00,0.00,-1.00,1.00,3.00,-4.00,0.00,3.00,0.00,-2.00,-2.00,-3.00,3.00,2.00,1.00,4.00,1.00,-1.00,1.00,-2.00,-3.00,-4.00,-5.00,0.00,3.00,2.00,101.00,-5.00,-5.00,-2.00,2.00,-2.00,-1.00,1.00,-3.00,-5.00,-4.00,-4.00,1.00,0.00,-2.00,-1.00,4.00,0.00,-2.00,-1.00,-2.00,2.00,2.00,-5.00,4.00,-4.00,0.00,-1.00,-5.00,-5.00,2.00,-4.00,-3.00,-2.00,2.00,2.00,-2.00,-2.00,-2.00,4.00,-4.00,0.00,3.00,3.00,3.00,-5.00,-3.00,-1.00,-1.00,-2.00,-2.00,1.00,2.00,1.00,1.00,-4.00,-1.00,3.00,-4.00,1.00,0.00,4.00,1.00,3.00,2.00,-4.00,4.00,1141.00
-4.00,1.00,2.00,1.00,-2.00,2.00,-4.00,-3.00,2.00,4.00,-1.00,2.00,-4.00,3.00,-3.00,-1.00,3.00,3.00,-4.00,1.00,-3.00,-5.00,-1.00,3.00,0.00,4.00,-1.00,-1.00,-1.00,4.00,4.00,-1.00,0.00,-2.00,101.00,-3.00,-4.00,2.00,-1.00,-2.00,-4.00,4.00,-5.00,2.00,-2.00,3.00,-1.00,-3.00,1.00,4.00,3.00,2.00,2.00,-1.00,3.00,2.00,3.00,-2.00,-3.00,-4.00,4.00,-2.00,2.00,-1.00,-1.00,-1.00,-2.00,0.00,-4.00,-2.00,-3.00,3.00,-5.00,4.00,-5.00,-2.00,-1.00,4.00,-1.00,-1.00,-2.00,4.00,3.00,0.00,-2.00,3.00,-4.00,-3.00,-2.00,3.00,4.00,3.00,0.00,-4.00,-5.00,1.00,-4.00,3.00,-4.00,3.00,2152.00
2.00,2.00,-3.00,3.00,-3.00,-2.00,1.00,1.00,4.00,1.00,0.00,-4.00,-2.00,3.00,-5.00,2.00,1.00,-4.00,1.00,-5.00,-2.00,-4.00,-5.00,-1.00,-2.00,-4.00,0.00,3.00,4.00,0.00,-1.00,0.00,2.00,-1.00,-1.00,101.00,1.00,2.00,2.00,0.00,-3.00,1.00,3.00,3.00,4.00,-4.00,4.00,3.00,-5.00,0.00,-5.00,-3.00,4.00,1.00,-5.00,-3.00,-3.00,4.00,-3.00,1.00,2.00,-2.00,1.00,-5.00,0.00,-3.00,-4.00,2.00,-4.00,-4.00,0.00,-2.00,-3.00,1.00,1.00,3.00,-4.00,0.00,3.00,1.00,4.00,-1.00,1.00,1.00,-3.00,3.00,3.00,-4.00,1.00,3.00,2.00,3.00,4.00,2.00,4.00,-5.00,0.00,3.00,-3.00,1.00,3594.00
4.00,2.00,-4.00,2.00,0.00,-4.00,1.00,-1.00,-1.00,4.00,4.00,1.00,-4.00,0.00,0.00,1.00,-5.00,2.00,0.00,-5.00,2.00,4.00,0.00,1.00,3.00,0.00,-2.00,2.00,-5.00,2.00,0.00,-3.00,-2.00,-5.00,-1.00,4.00,101.00,3.00,0.00,3.00,-5.00,-5.00,4.00,2.00,2.00,-1.00,-1.00,2.00,0.00,4.00,-3.00,-2.00,-3.00,-3.00,-2.00,-4.00,4.00,2.00,-2.00,-5.00,-1.00,-2.00,2.00,3.00,-5.00,3.00,3.00,-4.00,-3.00,2.00,-1.00,4.00,-4.00,4.00,-2.00,1.00,-3.00,-5.00,2.00,-3.00,-5.00,-5.00,0.00,-2.00,0.00,2.00,2.00,-1.00,-1.00,-2.00,-2.00,3.00,1.00,-1.00,-1.00,0.00,4.00,-3.00,-1.00,-1.00,1138.00
-3.00,-1.00,-3.00,0.00,-2.00,-3.00,-2.00,-1.00,-5.00,-3.00,-2.00,2.00,-3.00,-5.00,2.00,2.00,1.00,-4.00,2.00,0.00,1.00,2.00,4.00,-5.00,3.00,0.00,2.00,-1.00,-3.00,0.00,1.00,0.00,3.00,3.00,-3.00,3.00,0.00,101.00,-3.00,2.00,1.00,2.00,-2.00,-2.00,0.00,1.00,4.00,-1.00,-1.00,0.00,4.00,1.00,4.00,-3.00,4.00,0.00,1.00,-4.00,2.00,3.00,-2.00,2.00,-3.00,1.00,4.00,-4.00,-5.00,-5.00,-1.00,0.00,1.00,-2.00,1.00,-1.00,1.00,2.00,1.00,-2.00,4.00,-4.00,-1.00,2.00,0.00,-5.00,-5.00,0.00,0.00,3.00,3.00,1.00,4.00,3.00,-4.00,0.00,1.00,-5.00,1.00,-5.00,-1.00,2.00,3272.00
3.00,1.00,-1.00,-5.00,-2.00,-1.00,-4.00,-5.00,-5.00,-1.00,-2.00,1.00,-4.00,-5.00,0.00,1.00,3.00,1.00,2.00,1.00,2.00,3.00,4.00,-1.00,0.00,-4.00,-5.00,-3.00,3.00,1.00,2.00,-5.00,2.00,2.00,-1.00,1.00,-3.00,-3.00,101.00,4.00,1.00,0.00,1.00,-1.00,-5.00,1.00,4.00,1.00,-3.00,4.00,-4.00,-3.00,1.00,-1.00,2.00,-5.00,3.00,-3.00,-1.00,-4.00,-5.00,-5.00,-2.00,1.00,-4.00,2.00,4.00,3.00,-5.00,-3.00,4.00,3.00,4.00,2.00,-1.00,2.00,2.00,0.00,-2.00,4.00,-4.00,-3.00,4.00,1.00,-4.00,-4.00,-1.00,4.00,3.00,1.00,4.00,2.00,-1.00,3.00,-3.00,0.00,3.00,-3.00,0.00,1.00,3830.00
-4.00,4.00,-2.00,2.00,-4.00,-2.00,-3.00,-5.00,1.00,3.00,4.00,4.00,-2.00,4.00,-4.00,-4.00,-2.00,-1.00,3.00,-3.00,-1.00,4.00,-4.00,-1.00,-2.00,4.00,-1.00,4.00,0.00,-3.00,-4.00,1.00,2.00,-3.00,0.00,-4.00,3.00,-5.00,2.00,101.00,0.00,2.00,-1.00,-3.00,4.00,-4.00,3.00,-1.00,-1.00,3.00,-4.00,-3.00,3.00,-1.00,1.00,2.00,-2.00,-4.00,0.00,3.00,0.00,-1.00,-3.00,1.00,1.00,-1.00,1.00,-4.00,-1.00,-5.00,-1.00,1.00,1.00,2.00,0.00,3.00,-4.00,-4.00,0.00,-4.00,-4.00,4.00,-5.00,2.00,1.00,-2.00,-1.00,-1.00,0.00,2.00,-3.00,1.00,0.00,1.00,-3.00,4.00,1.00,0.00,-2.00,-3.00,1491.00
-4.00,1.00,-2.00,-1.00,4.00,-5.00,0.00,1.00,0.00,-5.00,1.00,0.00,-2.00,-2.00,-3.00,1.00,1.00,-5.00,1.00,-3.00,-5.00,-5.00,0.00,-3.00,-5.00,0.00,1.00,-4.00,-5.00,-1.00,4.00,-1.00,-5.00,-3.00,1.00,1.00,-1.00,-5.00,2.00,-3.00,101.00,1.00,1.00,3.00,0.00,-4.00,-5.00,-5.00,-3.00,-4.00,-2.00,3.00,-1.00,-2.00,0.00,-5.00,3.00,2.00,-5.00,0.00,-2.00,0.00,1.00,-2.00,-5.00,-3.00,4.00,4.00,-2.00,2.00,4.00,-2.00,4.00,-2.00,-5.00,-3.00,0.00,-4.00,-4.00,3.00,-2.00,-2.00,2.00,-1.00,1.00,2.00,-4.00,4.00,-1.00,1.00,-4.00,-3.00,3.00,-3.00,0.00,2.00,2.00,3.00,-1.00,-3.00,443.00
-5.00,1.00,0.00,-5.00,0.00,1.00,-5.00,2.00,-3.00,-1.00,-1.00,-1.00,-5.00,0.00,-5.00,1.00,1.00,-3.00,1.00,-2.00,-4.00,2.00,0.00,0.00,0.00,-1.00,3.00,4.00,4.00,3.00,-4.00,-3.00,2.00,2.00,4.00,-3.00,-4.00,3.00,-3.00,4.00,2.00,101.00,4.00,4.00,-5.00,-5.00,1.00,-1.00,-3.00,0.00,-2.00,0.00,-4.00,4.00,2.00,3.00,-1.00,4.00,-4.00,4.00,3.00,2.00,4.00,1.00,4.00,0.00,1.00,-1.00,2.00,-1.00,-1.00,3.00,1.00,0.00,-4.00,-1.00,4.00,3.00,3.00,2.00,-2.00,-1.00,0.00,2.00,2.00,0.00,-4.00,-2.00,-2.00,2.00,4.00,1.00,0.00,-2.00,-1.00,-5.00,-3.00,-1.00,4.00,3.00,5741.00
-5.00,-1.00,-3.00,1.00,-4.00,0.00,1.00,-4.00,-5.00,0.00,-5.00,-1.00,3.00,2.00,-5.00,3.00,-4.00,2.00,-3.00,3.00,-5.00,-4.00,-4.00,4.00,-4.00,-5.00,-2.00,-3.00,-2.00,-3.00,-3.00,3.00,-4.00,3.00,2.00,0.00,1.00,-3.00,1.00,-1.00,2.00,-1.00,101.00,-2.00,2.00,-5.00,0.00,-1.00,-2.00,2.00,-2.00,3.00,-5.00,0.00,1.00,3.00,-3.00,1.00,3.00,-4.00,-3.00,1.00,1.00,-3.00,-1.00,-2.00,-5.00,-3.00,-5.00,0.00,-4.00,-5.00,0.00,3.00,-5.00,-4.00,-2.00,3.00,-3.00,3.00,-1.00,0.00,2.00,-3.00,-2.00,3.00,4.00,-4.00,1.00,-3.00,-3.00,-4.00,-2.00,3.00,0.00,1.00,1.00,3.00,4.00,-2.00,572.00
0.00,2.00,1.00,4.00,0.00,2.00,2.00,-5.00,-5.00,-3.00,0.00,4.00,-2.00,-5.00,-2.00,2.00,1.00,-4.00,0.00,-3.00,0.00,4.00,0.00,-2.00,0.00,0.00,-2.00,1.00,1.00,3.00,0.00,-3.00,-4.00,-5.00,-3.00,1.00,3.00,4.00,1.00,-3.00,0.00,3.00,3.00,101.00,1.00,1.00,-4.00,1.00,2.00,-4.00,-3.00,0.00,-3.00,-1.00,4.00,-3.00,2.00,-5.00,-5.00,-1.00,4.00,-5.00,3.00,-4.00,-5.00,-5.00,-4.00,2.00,-2.00,0.00,1.00,4.00,0.00,-5.00,1.00,1.00,-3.00,-2.00,1.00,2.00,0.00,-3.00,0.00,1.00,1.00,1.00,2.00,3.00,1.00,-1.00,0.00,0.00,3.00,-5.00,-5.00,-1.00,-1.00,-3.00,-3.00,3.00,1554.00
1.00,0.00,-5.00,4.00,4.00,4.00,-2.00,3.00,2.00,-4.00,0.00,-4.00,4.00,4.00,3.00,0.00,-3.00,-2.00,-4.00,-5.00,2.00,-2.00,3.00,3.00,0.00,4.00,1.00,4.00,-2.00,-4.00,-4.00,4.00,-4.00,-3.00,-1.00,1.00,3.00,-5.00,3.00,4.00,0.00,-5.00,-1.00,1.00,101.00,3.00,1.00,2.00,-2.00,-2.00,-4.00,2.00,-2.00,-4.00,-2.00,-1.00,-3.00,2.00,2.00,-2.00,-2.00,1.00,0.00,0.00,-2.00,1.00,-5.00,4.00,0.00,1.00,-2.00,-2.00,-3.00,4.00,4.00,1.00,-2.00,0.00,0.00,-4.00,-1.00,2.00,-4.00,2.00,4.00,4.00,1.00,0.00,-3.00,-3.00,-2.00,2.00,-5.00,4.00,2.00,1.00,4.00,0.00,1.00,4.00,4638.00
4.00,-2.00,0.00,3.00,-4.00,3.00,4.00,1.00,-4.00,3.00,-1.00,0.00,-2.00,-1.00,1.00,-1.00,-4.00,0.00,-3.00,-4.00,2.00,0.00,-1.00,3.00,-2.00,3.00,0.00,-3.00,-2.00,-4.00,-2.00,-3.00,-5.00,-5.00,-5.00,3.00,0.00,-3.00,3.00,3.00,2.00,-4.00,-5.00,3.00,1.00,101.00,-2.00,-3.00,-3.00,-3.00,2.00,-5.00,3.00,-1.00,2.00,-1.00,-2.00,-1.00,-1.00,-1.00,1.00,-5.00,0.00,0.00,-2.00,2.00,-3.00,-4.00,4.00,-5.00,3.00,3.00,3.00,-5.00,4.00,-4.00,1.00,2.00,3.00,1.00,0.00,4.00,3.00,-5.00,0.00,-1.00,1.00,2.00,1.00,-1.00,-5.00,-4.00,3.00,3.00,-1.00,4.00,-1.00,1.00,-1.00,-5.00,2692.00
4.00,-3.00,4.00,-4.00,-3.00,-1.00,-2.00,4.00,4.00,2.00,2.00,1.00,1.00,2.00,4.00,-2.00,4.00,-1.00,0.00,-1.00,1.00,4.00,3.00,1.00,3.00,-3.00,1.00,2.00,0.00,3.00,1.00,3.00,-3.00,-1.00,-2.00,0.00,1.00,1.00,-3.00,1.00,-1.00,4.00,-3.00,-1.00,-3.00,4.00,101.00,1.00,1.00,-3.00,-3.00,0.00,1.00,0.00,-3.00,4.00,0.00,2.00,-1.00,-1.00,-2.00,-1.00,4.00,-3.00,-4.00,-2.00,-2.00,2.00,-2.00,-2.00,-5.00,0.00,-1.00,0.00,-4.00,-3.00,3.00,0.00,1.00,-5.00,-4.00,3.00,4.00,-3.00,2.00,-2.00,3.00,-1.00,-3.00,1.00,2.00,1.00,-2.00,-5.00,-3.00,4.00,-2.00,4.00,4.00,-3.00,3296.00
-3.00,-3.00,4.00,-1.00,4.00,-1.00,3.00,-1.00,1.00,-2.00,-1.00,-3.00,3.00,-2.00,-2.00,2.00,3.00,-2.00,2.00,0.00,4.00,-4.00,-1.00,4.00,-4.00,2.00,1.00,-3.00,0.00,-3.00,-3.00,3.00,1.00,-4.00,0.00,0.00,4.00,1.00,-3.00,1.00,3.00,4.00,-5.00,1.00,-1.00,-5.00,1.00,101.00,1.00,-2.00,0.00,-1.00,-4.00,3.00,3.00,-1.00,-1.00,2.00,-2.00,-3.00,-1.00,-2.00,-3.00,0.00,-4.00,-3.00,-1.00,4.00,0.00,-5.00,1.00,3.00,0.00,-1.00,-4.00,4.00,-4.00,4.00,-3.00,-2.00,-3.00,-3.00,-3.00,4.00,-4.00,2.00,0.00,-5.00,4.00,4.00,3.00,4.00,3.00,-5.00,-4.00,3.00,-5.00,1.00,3.00,-1.00,3095.00
0.00,0.00,-5.00,3.00,1.00,-5.00,0.00,-1.00,1.00,-3.00,4.00,-2.00,-3.00,0.00,1.00,-2.00,0.00,2.00,-3.00,3.00,0.00,-1.00,3.00,4.00,-3.00,3.00,1.00,3.00,3.00,3.00,0.00,4.00,4.00,-1.00,-3.00,4.00,4.00,3.00,2.00,3.00,-2.00,-4.00,-2.00,-5.00,1.00,1.00,-2.00,-1.00,101.00,-5.00,3.00,-2.00,2.00,1.00,1.00,-5.00,0.00,-3.00,-5.00,2.00,-2.00,1.00,3.00,2.00,4.00,-1.00,3.00,-5.00,3.00,0.00,2.00,-3.00,-1.00,-3.00,4.00,-3.00,-5.00,-4.00,0.00,-5.00,-4.00,-1.00,-5.00,-5.00,0.00,2.00,-1.00,2.00,2.00,0.00,-3.00,3.00,-2.00,0.00,4.00,2.00,3.00,4.00,1.00,-5.00,3826.00
4.00,-5.00,-4.00,4.00,-4.00,1.00,-5.00,-4.00,-1.00,-2.00,-1.00,2.00,4.00,1.00,4.00,-5.00,2.00,0.00,0.00,-1.00,4.00,-1.00,-3.00,-5.00,4.00,2.00,-2.00,-2.00,2.00,2.00,-5.00,0.00,-2.00,-4.00,-3.00,1.00,-1.00,-3.00,-1.00,1.00,-5.00,-2.00,0.00,-3.00,2.00,-4.00,-4.00,-1.00,4.00,101.00,1.00,0.00,4.00,3.00,2.00,3.00,-1.00,-5.00,-3.00,4.00,-5.00,0.00,3.00,-3.00,1.00,-3.00,4.00,1.00,4.00,3.00,-2.00,4.00,0.00,2.00,-5.00,-4.00,-3.00,-5.00,2.00,1.00,0.00,1.00,-2.00,-3.00,3.00,0.00,0.00,3.00,3.00,-5.00,-4.00,4.00,-1.00,0.00,1.00,2.00,2.00,-4.00,3.00,-2.00,4042.00
1.00,-2.00,-2.00,3.00,-2.00,0.00,4.00,1.00,-4.00,-4.00,4.00,-1.00,-2.00,4.00,-4.00,4.00,-3.00,1.00,-5.00,2.00,-5.00,4.00,-2.00,3.00,2.00,-2.00,-5.00,3.00,1.00,3.00,-2.00,-5.00,1.00,3.00,0.00,-2.00,4.00,3.00,1.00,-5.00,0.00,1.00,-2.00,3.00,4.00,1.00,-5.00,0.00,4.00,4.00,101.00,-4.00,2.00,0.00,-1.00,3.00,3.00,-1.00,-4.00,-4.00,2.00,-5.00,-3.00,0.00,1.00,3.00,3.00,-5.00,0.00,-2.00,-1.00,-2.00,2.00,0.00,1.00,-5.00,1.00,-4.00,-5.00,4.00,3.00,2.00,4.00,0.00,-2.00,2.00,-4.00,-4.00,2.00,-2.00,-4.00,1.00,4.00,-4.00,-1.00,-3.00,2.00,-5.00,3.00,1.00,3626.00
-1.00,4.00,2.00,-5.00,-4.00,-2.00,-4.00,-4.00,4.00,4.00,4.00,0.00,4.00,-2.00,0.00,1.00,-4.00,-1.00,-2.00,4.00,0.00,-1.00,0.00,0.00,-5.00,-2.00,2.00,-3.00,-3.00,-1.00,-2.00,-5.00,0.00,3.00,-5.00,-2.00,-5.00,1.00,0.00,-1.00,-5.00,3.00,3.00,-1.00,3.00,-4.00,2.00,2.00,3.00,-5.00,4.00,101.00,-5.00,-5.00,-5.00,-3.00,-5.00,-1.00,0.00,-1.00,-3.00,-4.00,1.00,3.00,-1.00,1.00,1.00,1.00,-3.00,3.00,3.00,0.00,-3.00,2.00,1.00,4.00,-3.00,-4.00,1.00,-5.00,2.00,1.00,-5.00,-5.00,0.00,0.00,3.00,-1.00,-1.00,-2.00,4.00,1.00,-2.00,1.00,3.00,-1.00,-4.00,-4.00,0.00,0.00,1942.00
-1.00,-3.00,4.00,-3.00,-1.00,-5.00,0.00,2.00,1.00,-5.00,-1.00,-1.00,2.00,0.00,0.00,4.00,-4.00,3.00,-1.00,-1.00,1.00,0.00,-4.00,-5.00,-1.00,4.00,4.00,0.00,3.00,2.00,0.00,-1.00,3.00,1.00,-5.00,-3.00,1.00,-3.00,2.00,-2.00,-4.00,0.00,4.00,0.00,4.00,3.00,4.00,2.00,-1.00,-5.00,3.00,-1.00,101.00,2.00,-3.00,-5.00,3.00,3.00,1.00,-5.00,-3.00,-2.00,4.00,-4.00,-2.00,2.00,4.00,-2.00,-2.00,-4.00,-3.00,0.00,1.00,-3.00,-5.00,1.00,-4.00,2.00,2.00,-5.00,0.00,1.00,-4.00,-3.00,-3.00,1.00,-4.00,-5.00,0.00,0.00,-2.00,-2.00,-4.00,-3.00,0.00,2.00,-3.00,-4.00,2.00,-4.00,539.00
-3.00,-3.00,3.00,-5.00,4.00,-1.00,4.00,-2.00,-4.00,-1.00,-4.00,-1.00,-2.00,-5.00,-1.00,3.00,2.00,-2.00,-3.00,3.00,-3.00,-2.00,4.00,3.00,0.00,-5.00,3.00,-2.00,0.00,-4.00,0.00,3.00,-2.00,2.00,-4.00,1.00,-5.00,4.00,-5.00,0.00,-2.00,-4.00,-1.00,-3.00,-5.00,-4.00,0.00,4.00,-5.00,-1.00,-3.00,1.00,-5.00,101.00,0.00,-3.00,-1.00,-3.00,-2.00,3.00,0.00,-5.00,0.00,-2.00,-3.00,4.00,2.00,-2.00,2.00,-1.00,4.00,3.00,3.00,3.00,-5.00,4.00,2.00,-2.00,-5.00,2.00,1.00,-4.00,-3.00,-1.00,-3.00,3.00,1.00,-2.00,4.00,3.00,-2.00,0.00,-4.00,-5.00,4.00,1.00,-3.00,0.00,-1.00,3.00,2906.00
0.00,-2.00,-4.00,2.00,-5.00,3.00,-5.00,-1.00,1.00,4.00,1.00,3.00,0.00,-3.00,-3.00,-3.00,-4.00,2.00,3.00,0.00,4.00,4.00,-3.00,4.00,1.00,4.00,0.00,-5.00,1.00,-3.00,0.00,-3.00,-2.00,-4.00,1.00,-4.00,-5.00,-3.00,-3.00,-4.00,-5.00,-2.00,0.00,0.00,-5.00,-5.00,3.00,-5.00,-4.00,1.00,-1.00,-1.00,4.00,-5.00,101.00,4.00,-3.00,0.00,-4.00,-1.00,-5.00,-3.00,-4.00,0.00,-4.00,1.00,-2.00,-5.00,3.00,-3.00,0.00,1.00,-1.00,-3.00,-1.00,0.00,-3.00,-4.00,-4.00,0.00,-5.00,0.00,-4.00,2.00,-3.00,-2.00,2.00,-2.00,-5.00,4.00,3.00,-1.00,-1.00,4.00,0.00,-5.00,0.00,-4.00,-3.00,-1.00,-1225.00
-5.00,1.00,-5.00,-4.00,4.00,4.00,-2.00,2.00,-5.00,0.00,1.00,-5.00,3.00,0.00,2.00,4.00,-4.00,-5.00,-3.00,1.00,4.00,-5.00,4.00,0.00,4.00,4.00,-4.00,-4.00,-1.00,2.00,0.00,-4.00,-2.00,4.00,3.00,-1.00,-2.00,-1.00,-1.00,-5.00,-4.00,2.00,-1.00,-4.00,2.00,0.00,-5.00,4.00,0.00,3.00,-4.00,-3.00,2.00,-5.00,4.00,101.00,1.00,2.00,3.00,3.00,-1.00,3.00,0.00,-4.00,-2.00,0.00,-4.00,-1.00,2.00,-3.00,-1.00,1.00,-1.00,3.00,-4.00,-1.00,3.00,1.00,1.00,1.00,-5.00,4.00,2.00,4.00,4.00,-2.00,-1.00,-4.00,-1.00,-5.00,2.00,1.00,-3.00,-3.00,3.00,1.00,-3.00,-2.00,3.00,4.00,4869.00
-2.00,2.00,-2.00,2.00,1.00,-1.00,-4.00,-2.00,-5.00,-2.00,-3.00,-5.00,-3.00,-2.00,-1.00,-2.00,2.00,0.00,-3.00,-5.00,2.00,1.00,-5.00,3.00,1.00,3.00,4.00,-1.00,-2.00,4.00,-2.00,-2.00,-5.00,-5.00,2.00,-5.00,2.00,-3.00,-2.00,2.00,-2.00,-4.00,0.00,4.00,-4.00,3.00,-4.00,3.00,-2.00,3.00,3.00,3.00,-1.00,2.00,-3.00,-4.00,101.00,-3.00,1.00,2.00,-5.00,3.00,-2.00,-1.00,-4.00,4.00,-3.00,-3.00,-4.00,-4.00,-2.00,0.00,-4.00,-4.00,-5.00,3.00,-4.00,-3.00,-1.00,-1.00,0.00,-5.00,0.00,0.00,-2.00,-5.00,3.00,4.00,-5.00,2.00,-3.00,3.00,-5.00,0.00,4.00,3.00,4.00,-4.00,-4.00,0.00,1150.00
-2.00,2.00,4.00,-5.00,2.00,-1.00,-1.00,2.00,-3.00,-4.00,-1.00,1.00,-3.00,2.00,-4.00,-4.00,-3.00,0.00,3.00,0.00,3.00,-1.00,1.00,3.00,0.00,3.00,0.00,4.00,2.00,-3.00,-4.00,4.00,2.00,-3.00,-2.00,0.00,-3.00,2.00,4.00,1.00,0.00,-3.00,3.00,-2.00,0.00,2.00,-2.00,0.00,4.00,2.00,4.00,-4.00,-5.00,-2.00,3.00,-3.00,3.00,101.00,1.00,-4.00,0.00,1.00,4.00,-4.00,3.00,4.00,-3.00,4.00,3.00,3.00,-1.00,-3.00,3.00,1.00,-4.00,2.00,-2.00,-4.00,-1.00,4.00,2.00,0.00,4.00,3.00,-4.00,0.00,0.00,-3.00,-3.00,1.00,2.00,-2.00,2.00,4.00,-1.00,2.00,-3.00,-1.00,4.00,-2.00,6909.00
2.00,-1.00,-3.00,-4.00,4.00,1.00,2.00,4.00,4.00,-1.00,1.00,-3.00,2.00,2.00,-2.00,-4.00,-3.00,4.00,2.00,-4.00,-3.00,1.00,1.00,-2.00,2.00,-1.00,-3.00,-3.00,0.00,1.00,-1.00,-4.00,0.00,-2.00,-3.00,-2.00,-3.00,4.00,-3.00,4.00,2.00,4.00,0.00,4.00,-1.00,-3.00,4.00,-5.00,-3.00,0.00,-2.00,-4.00,4.00,-5.00,-1.00,2.00,0.00,4.00,101.00,-5.00,3.00,3.00,-3.00,3.00,0.00,-1.00,-1.00,-4.00,-1.00,2.00,0.00,4.00,-4.00,-1.00,4.00,-5.00,1.00,-5.00,2.00,-2.00,-4.00,-4.00,3.00,1.00,-5.00,-2.00,-4.00,1.00,3.00,-1.00,-4.00,0.00,-3.00,1.00,-5.00,-1.00,-2.00,-5.00,1.00,4.00,2375.00
0.00,1.00,-2.00,0.00,-3.00,3.00,0.00,-5.00,1.00,0.00,1.00,-1.00,-3.00,-3.00,0.00,0.00,1.00,-4.00,-2.00,1.00,-5.00,-2.00,-5.00,-4.00,-1.00,-2.00,2.00,-5.00,4.00,-3.00,0.00,-3.00,-3.00,3.00,-1.00,-3.00,3.00,0.00,3.00,-3.00,2.00,-3.00,-3.00,-5.00,-2.00,4.00,-4.00,-5.00,-4.00,0.00,-1.00,-1.00,0.00,4.00,4.00,-3.00,1.00,4.00,-5.00,101.00,-2.00,0.00,1.00,3.00,3.00,4.00,0.00,1.00,4.00,-4.00,-1.00,-3.00,-5.00,2.00,3.00,2.00,3.00,-4.00,3.00,-2.00,-2.00,0.00,-4.00,2.00,-3.00,0.00,-4.00,0.00,3.00,-3.00,-1.00,-5.00,3.00,-4.00,0.00,-2.00,-2.00,0.00,3.00,0.00,3340.00
2.00,4.00,4.00,-3.00,-1.00,-1.00,-4.00,1.00,4.00,-3.00,1.00,3.00,0.00,-3.00,-5.00,-4.00,-3.00,3.00,-3.00,4.00,2.00,1.00,3.00,3.00,2.00,3.00,0.00,-1.00,0.00,4.00,-4.00,-5.00,-5.00,1.00,-4.00,3.00,2.00,-4.00,2.00,-4.00,-5.00,2.00,2.00,4.00,-2.00,1.00,-5.00,-2.00,-1.00,-1.00,4.00,1.00,0.00,4.00,3.00,-5.00,-2.00,3.00,1.00,-1.00,101.00,-2.00,-4.00,-1.00,-2.00,-4.00,-3.00,-5.00,2.00,-1.00,3.00,-1.00,4.00,-2.00,4.00,2.00,-4.00,0.00,2.00,-2.00,-3.00,3.00,0.00,4.00,2.00,4.00,-2.00,2.00,0.00,-5.00,-4.00,4.00,3.00,-1.00,1.00,-3.00,-4.00,-2.00,4.00,-5.00,4772.00
2.00,-3.00,3.00,-5.00,4.00,-3.00,-5.00,4.00,-1.00,-3.00,-5.00,1.00,1.00,-1.00,1.00,-4.00,-2.00,1.00,-1.00,0.00,3.00,4.00,2.00,-1.00,-1.00,-4.00,1.00,2.00,0.00,-1.00,-5.00,-3.00,-2.00,-2.00,-3.00,-3.00,-2.00,4.00,3.00,4.00,-2.00,4.00,2.00,0.00,0.00,-3.00,4.00,0.00,3.00,4.00,2.00,-5.00,-1.00,-4.00,-5.00,-2.00,3.00,-3.00,2.00,-2.00,-3.00,101.00,-2.00,0.00,1.00,-5.00,2.00,-3.00,4.00,1.00,1.00,-1.00,-3.00,2.00,0.00,4.00,1.00,-5.00,2.00,1.00,-4.00,0.00,-5.00,-3.00,0.00,2.00,3.00,-1.00,-4.00,4.00,-3.00,0.00,-3.00,4.00,-2.00,-5.00,-3.00,-3.00,1.00,-5.00,3068.00
4.00,-3.00,0.00,-4.00,1.00,0.00,-1.00,2.00,-1.00,4.00,-3.00,-4.00,4.00,2.00,-4.00,1.00,-1.00,-2.00,-4.00,2.00,0.00,0.00,0.00,-3.00,4.00,-5.00,3.00,-2.00,4.00,4.00,-3.00,-1.00,-1.00,-3.00,0.00,0.00,-2.00,1.00,-3.00,3.00,-1.00,-4.00,-3.00,1.00,1.00,4.00,-4.00,-1.00,-2.00,-1.00,1.00,3.00,-1.00,-2.00,3.00,-1.00,2.00,-1.00,1.00,-1.00,1.00,1.00,101.00,-2.00,3.00,-5.00,1.00,-4.00,-4.00,1.00,4.00,-5.00,0.00,3.00,-4.00,-4.00,-4.00,0.00,3.00,-2.00,-1.00,4.00,-5.00,3.00,-4.00,4.00,-2.00,3.00,2.00,-1.00,2.00,-5.00,2.00,1.00,-2.00,4.00,-3.00,1.00,4.00,3.00,5608.00
4.00,0.00,-4.00,2.00,-5.00,-5.00,2.00,-4.00,-3.00,1.00,4.00,-1.00,-2.00,-5.00,-3.00,-3.00,-3.00,-2.00,-2.00,-2.00,-4.00,-5.00,-3.00,-2.00,-5.00,4.00,4.00,-3.00,1.00,0.00,1.00,1.00,-2.00,-1.00,3.00,3.00,3.00,3.00,-2.00,0.00,-4.00,-2.00,2.00,-2.00,2.00,-1.00,-5.00,1.00,-4.00,4.00,-1.00,1.00,-3.00,-1.00,-2.00,-5.00,-4.00,-2.00,0.00,3.00,-2.00,2.00,-1.00,101.00,2.00,-4.00,-3.00,-2.00,4.00,-5.00,3.00,-3.00,3.00,1.00,-5.00,2.00,3.00,-4.00,1.00,0.00,-4.00,-1.00,-5.00,0.00,2.00,4.00,-5.00,0.00,-2.00,4.00,-1.00,3.00,-1.00,-2.00,3.00,3.00,-5.00,2.00,-1.00,-2.00,3729.00
-2.00,-3.00,-5.00,3.00,1.00,-1.00,1.00,4.00,2.00,2.00,2.00,4.00,-3.00,0.00,0.00,1.00,2.00,1.00,-1.00,0.00,-5.00,1.00,-3.00,0.00,-2.00,1.00,1.00,3.00,1.00,-2.00,-1.00,4.00,-4.00,0.00,-1.00,-1.00,-1.00,-2.00,4.00,1.00,2.00,-1.00,2.00,1.00,-2.00,-1.00,-3.00,-4.00,4.00,0.00,4.00,1.00,-4.00,-4.00,3.00,-2.00,1.00,-5.00,1.00,4.00,-5.00,4.00,-1.00,1.00,101.00,4.00,-2.00,1.00,-4.00,-2.00,1.00,-2.00,-5.00,2.00,0.00,-3.00,2.00,4.00,0.00,-2.00,-2.00,-4.00,1.00,4.00,0.00,3.00,-2.00,3.00,2.00,-4.00,-4.00,-1.00,-2.00,0.00,2.00,-5.00,-4.00,2.00,3.00,1.00,5317.00
0.00,-4.00,1.00,4.00,4.00,-4.00,-4.00,-3.00,4.00,0.00,-2.00,-5.00,-1.00,1.00,-2.00,-3.00,3.00,4.00,0.00,-5.00,-5.00,3.00,-4.00,3.00,0.00,2.00,-5.00,-1.00,2.00,-1.00,-2.00,-1.00,-3.00,0.00,-1.00,-5.00,-3.00,-1.00,4.00,-1.00,1.00,-2.00,3.00,3.00,4.00,-4.00,4.00,-2.00,-3.00,-5.00,1.00,-5.00,3.00,3.00,-5.00,-2.00,-4.00,-3.00,-1.00,4.00,0.00,0.00,-3.00,4.00,3.00,101.00,-3.00,4.00,-5.00,-5.00,1.00,2.00,-1.00,-3.00,1.00,-2.00,-1.00,-2.00,1.00,-4.00,-4.00,-1.00,-4.00,-3.00,4.00,-3.00,1.00,-5.00,4.00,3.00,4.00,0.00,-3.00,-5.00,2.00,-1.00,-5.00,4.00,-3.00,0.00,3042.00
-2.00,0.00,3.00,-3.00,-1.00,1.00,3.00,-2.00,-4.00,2.00,3.00,2.00,-3.00,0.00,-5.00,3.00,0.00,-2.00,-5.00,1.00,-4.00,4.00,0.00,-4.00,2.00,-1.00,-5.00,-2.00,4.00,-5.00,3.00,-2.00,-5.00,3.00,-4.00,-1.00,-2.00,-1.00,-3.00,1.00,-1.00,1.00,0.00,-1.00,3.00,-3.00,-5.00,4.00,3.00,-3.00,-4.00,-1.00,-5.00,1.00,-3.00,-1.00,-3.00,-5.00,1.00,1.00,1.00,-3.00,2.00,-4.00,-4.00,4.00,101.00,2.00,-3.00,0.00,-4.00,-2.00,-5.00,3.00,4.00,3.00,-1.00,-4.00,1.00,1.00,2.00,-4.00,-5.00,-3.00,3.00,-2.00,-2.00,-4.00,-3.00,1.00,-2.00,-4.00,0.00,-1.00,0.00,-2.00,-1.00,-1.00,2.00,-2.00,1737.00
-1.00,-2.00,-3.00,-4.00,-1.00,-5.00,2.00,3.00,4.00,2.00,-5.00,-2.00,-4.00,-2.00,1.00,-4.00,-5.00,3.00,-2.00,-2.00,-4.00,-2.00,-3.00,-4.00,-1.00,4.00,1.00,-3.00,-1.00,4.00,-3.00,-3.00,-4.00,4.00,-5.00,-5.00,4.00,0.00,-3.00,0.00,-4.00,2.00,-4.00,-2.00,-4.00,1.00,0.00,-2.00,-5.00,-2.00,-1.00,-3.00,-1.00,-2.00,1.00,-3.00,0.00,4.00,-2.00,2.00,1.00,-2.00,4.00,-4.00,-5.00,0.00,3.00,101.00,-4.00,4.00,-5.00,0.00,-1.00,3.00,3.00,-1.00,3.00,-2.00,3.00,2.00,0.00,-5.00,-3.00,0.00,-5.00,-4.00,0.00,-3.00,-1.00,1.00,-3.00,-1.00,0.00,0.00,-1.00,4.00,-1.00,4.00,-3.00,4.00,3588.00
1.00,4.00,-4.00,-2.00,-5.00,1.00,-3.00,-2.00,-2.00,4.00,-5.00,0.00,2.00,-5.00,4.00,4.00,-5.00,-4.00,2.00,4.00,-2.00,-1.00,-4.00,0.00,0.00,-2.00,-1.00,4.00,2.00,0.00,-1.00,3.00,-4.00,-2.00,1.00,-2.00,2.00,-4.00,0.00,-4.00,-4.00,-5.00,-3.00,0.00,-5.00,-4.00,-5.00,2.00,-2.00,-1.00,-2.00,-4.00,-4.00,3.00,2.00,4.00,-5.00,0.00,4.00,-3.00,-4.00,-3.00,-5.00,-2.00,-1.00,2.00,-5.00,-5.00,101.00,-4.00,3.00,-2.00,-4.00,-4.00,3.00,3.00,-2.00,-2.00,0.00,4.00,-3.00,3.00,-2.00,-1.00,0.00,4.00,-5.00,1.00,-3.00,-1.00,0.00,4.00,3.00,0.00,-4.00,3.00,2.00,1.00,2.00,0.00,3602.00
4.00,-1.00,-2.00,-4.00,-5.00,0.00,-1.00,1.00,-5.00,3.00,-4.00,-4.00,2.00,-1.00,-1.00,0.00,-1.00,-3.00,4.00,-5.00,2.00,4.00,-1.00,2.00,-5.00,0.00,1.00,-1.00,4.00,-3.00,0.00,0.00,-4.00,-3.00,-4.00,-1.00,-2.00,-2.00,-3.00,-4.00,4.00,-1.00,4.00,-2.00,0.00,0.00,-5.00,1.00,-4.00,2.00,-2.00,-4.00,1.00,-3.00,-5.00,-1.00,1.00,3.00,-3.00,4.00,1.00,3.00,-4.00,4.00,1.00,-2.00,4.00,3.00,2.00,101.00,0.00,-2.00,-5.00,-5.00,0.00,-1.00,-4.00,-2.00,0.00,2.00,-2.00,2.00,3.00,-1.00,-3.00,3.00,-5.00,-1.00,-4.00,1.00,0.00,3.00,-2.00,2.00,-3.00,-4.00,4.00,2.00,-4.00,-3.00,3919.00
-4.00,-4.00,-3.00,-4.00,-2.00,0.00,1.00,-5.00,-4.00,0.00,-2.00,-5.00,3.00,0.00,-2.00,-3.00,-3.00,1.00,2.00,4.00,-3.00,4.00,1.00,-4.00,-3.00,-4.00,-5.00,-5.00,3.00,-5.00,-5.00,0.00,4.00,3.00,-4.00,-3.00,-1.00,-2.00,-5.00,-3.00,-5.00,-5.00,-1.00,-4.00,4.00,1.00,0.00,-2.00,4.00,2.00,-1.00,3.00,4.00,-1.00,-5.00,3.00,2.00,2.00,0.00,1.00,-5.00,-2.00,3.00,-5.00,4.00,-1.00,4.00,-2.00,0.00,-1.00,101.00,2.00,3.00,1.00,-4.00,-1.00,2.00,-2.00,4.00,2.00,-5.00,0.00,-1.00,-1.00,1.00,0.00,3.00,-1.00,2.00,3.00,2.00,0.00,-3.00,-4.00,2.00,2.00,1.00,4.00,-1.00,4.00,7159.00
-2.00,-4.00,-4.00,-1.00,4.00,0.00,0.00,-5.00,-3.00,-2.00,4.00,1.00,4.00,3.00,3.00,-4.00,-2.00,1.00,-5.00,-5.00,4.00,0.00,-1.00,3.00,2.00,-1.00,4.00,4.00,3.00,-2.00,3.00,0.00,-3.00,-4.00,0.00,-2.00,-4.00,1.00,2.00,-2.00,-5.00,0.00,-3.00,-3.00,-4.00,0.00,-5.00,-3.00,1.00,-3.00,3.00,-2.00,1.00,2.00,-1.00,0.00,-2.00,2.00,2.00,3.00,3.00,-1.00,-5.00,-2.00,0.00,3.00,4.00,-2.00,-4.00,2.00,-5.00,101.00,4.00,-2.00,-2.00,0.00,2.00,-2.00,1.00,-1.00,4.00,-1.00,-5.00,-5.00,4.00,2.00,3.00,1.00,0.00,-3.00,-3.00,-2.00,0.00,-2.00,2.00,4.00,-4.00,-5.00,0.00,-5.00,4563.00
4.00,-2.00,1.00,0.00,0.00,4.00,1.00,-4.00,4.00,4.00,-4.00,2.00,0.00,4.00,-1.00,2.00,0.00,-5.00,-2.00,-3.00,-5.00,-2.00,3.00,3.00,0.00,4.00,-1.00,-5.00,-2.00,2.00,2.00,4.00,0.00,4.00,-5.00,1.00,3.00,2.00,1.00,4.00,-5.00,4.00,-4.00,2.00,4.00,3.00,0.00,4.00,-5.00,-1.00,-5.00,0.00,-3.00,0.00,3.00,-5.00,2.00,-1.00,4.00,-2.00,-1.00,-5.00,-4.00,-4.00,-1.00,2.00,-4.00,-5.00,1.00,-1.00,-2.00,3.00,101.00,-5.00,-4.00,-5.00,-1.00,0.00,-2.00,0.00,4.00,-1.00,-3.00,2.00,-5.00,3.00,-3.00,-2.00,-5.00,-4.00,-3.00,0.00,2.00,0.00,-4.00,3.00,0.00,-2.00,-4.00,1.00,3006.00
-5.00,3.00,-1.00,3.00,2.00,0.00,2.00,0.00,0.00,-5.00,-3.00,-1.00,3.00,-5.00,-1.00,4.00,0.00,-1.00,-4.00,-3.00,-1.00,2.00,4.00,-5.00,-3.00,-3.00,-1.00,2.00,2.00,-5.00,-4.00,2.00,-4.00,2.00,3.00,0.00,-4.00,0.00,2.00,-1.00,-2.00,2.00,-3.00,4.00,-3.00,-3.00,0.00,-3.00,0.00,-5.00,-1.00,-5.00,3.00,3.00,-1.00,-1.00,-2.00,-2.00,0.00,-3.00,-3.00,-5.00,0.00,-5.00,-1.00,-2.00,-3.00,1.00,3.00,3.00,-4.00,0.00,1.00,101.00,-3.00,-2.00,3.00,4.00,-4.00,-4.00,0.00,1.00,3.00,-4.00,3.00,2.00,-4.00,4.00,4.00,-3.00,-5.00,-1.00,-4.00,-3.00,3.00,-5.00,-5.00,-1.00,1.00,-5.00,2523.00
-5.00,-2.00,4.00,3.00,0.00,-1.00,0.00,-1.00,-1.00,3.00,-5.00,4.00,3.00,4.00,2.00,-5.00,4.00,3.00,-1.00,4.00,-3.00,-5.00,3.00,-5.00,2.00,-2.00,-5.00,-3.00,0.00,-5.00,2.00,-5.00,-3.00,2.00,4.00,-5.00,-5.00,1.00,-1.00,-4.00,0.00,-4.00,-3.00,4.00,2.00,-5.00,1.00,-2.00,1.00,-2.00,1.00,2.00,1.00,1.00,-2.00,-2.00,-3.00,-1.00,3.00,-4.00,2.00,-4.00,4.00,-5.00,1.00,2.00,-4.00,-2.00,-2.00,3.00,-4.00,2.00,4.00,-4.00,101.00,-2.00,-5.00,-4.00,3.00,-2.00,-5.00,-2.00,-1.00,1.00,2.00,-2.00,-3.00,0.00,-1.00,3.00,-3.00,2.00,4.00,-2.00,1.00,0.00,-1.00,1.00,-1.00,-4.00,3892.00
4.00,3.00,2.00,1.00,-5.00,-4.00,-2.00,0.00,0.00,1.00,3.00,1.00,3.00,-3.00,-1.00,1.00,0.00,-2.00,-2.00,4.00,-1.00,3.00,4.00,-3.00,-5.00,-4.00,0.00,0.00,4.00,-1.00,2.00,0.00,-5.00,4.00,-5.00,-4.00,-1.00,-4.00,-2.00,-3.00,4.00,3.00,1.00,-2.00,4.00,4.00,0.00,-4.00,-4.00,-5.00,2.00,1.00,4.00,-3.00,-3.00,-1.00,1.00,4.00,-2.00,-3.00,-2.00,-1.00,-4.00,3.00,-5.00,-4.00,1.00,3.00,4.00,0.00,2.00,1.00,-2.00,3.00,-3.00,101.00,-4.00,-1.00,0.00,-1.00,-5.00,4.00,-4.00,-4.00,3.00,0.00,0.00,0.00,-1.00,-2.00,-5.00,4.00,2.00,2.00,4.00,-4.00,-4.00,4.00,3.00,-1.00,5924.00
2.00,4.00,-3.00,0.00,4.00,4.00,-1.00,2.00,1.00,3.00,2.00,-1.00,4.00,1.00,-3.00,-2.00,1.00,2.00,-4.00,3.00,3.00,-4.00,-2.00,-1.00,3.00,-1.00,3.00,3.00,0.00,-1.00,-1.00,-4.00,-5.00,-4.00,-3.00,-4.00,-5.00,-3.00,-5.00,0.00,-5.00,-4.00,-5.00,3.00,2.00,-5.00,0.00,-3.00,0.00,-1.00,-3.00,-1.00,-3.00,4.00,3.00,0.00,1.00,1.00,-4.00,-5.00,-1.00,-4.00,1.00,1.00,0.00,-2.00,-4.00,-1.00,1.00,-3.00,4.00,-4.00,1.00,2.00,2.00,2.00,101.00,2.00,-5.00,0.00,2.00,2.00,-5.00,-2.00,-2.00,2.00,-2.00,-4.00,0.00,-4.00,2.00,3.00,-5.00,-1.00,-4.00,4.00,-2.00,-5.00,3.00,-5.00,2962.00
3.00,-3.00,-4.00,-5.00,1.00,-2.00,3.00,0.00,-1.00,4.00,-1.00,-4.00,0.00,3.00,-5.00,3.00,0.00,3.00,-4.00,-4.00,0.00,-4.00,1.00,-3.00,4.00,-4.00,2.00,-5.00,0.00,-1.00,-3.00,2.00,1.00,3.00,-3.00,2.00,4.00,0.00,3.00,-4.00,3.00,-2.00,2.00,4.00,-2.00,0.00,3.00,-2.00,-5.00,4.00,0.00,1.00,4.00,-2.00,3.00,4.00,3.00,-4.00,2.00,-2.00,1.00,3.00,1.00,-2.00,-3.00,1.00,-5.00,3.00,2.00,-5.00,-1.00,3.00,-4.00,3.00,-4.00,-2.00,3.00,101.00,2.00,3.00,4.00,0.00,-4.00,4.00,1.00,1.00,4.00,0.00,0.00,-3.00,3.00,-4.00,1.00,-3.00,2.00,3.00,3.00,-5.00,0.00,-5.00,8390.00
4.00,4.00,2.00,-2.00,-2.00,1.00,0.00,-2.00,3.00,-2.00,4.00,-3.00,1.00,1.00,0.00,4.00,-4.00,-1.00,4.00,3.00,2.00,-1.00,-1.00,-3.00,2.00,-3.00,2.00,-3.00,-5.00,4.00,3.00,-4.00,1.00,-3.00,-3.00,2.00,-1.00,3.00,-2.00,4.00,3.00,-1.00,1.00,3.00,1.00,3.00,2.00,0.00,3.00,2.00,0.00,2.00,-4.00,2.00,-2.00,2.00,-5.00,4.00,1.00,4.00,-3.00,-3.00,-5.00,-4.00,1.00,-4.00,0.00,0.00,4.00,1.00,-1.00,1.00,2.00,-3.00,1.00,3.00,1.00,4.00,101.00,-3.00,3.00,3.00,-1.00,-1.00,-5.00,2.00,4.00,4.00,3.00,-1.00,-4.00,-4.00,0.00,1.00,2.00,-2.00,-3.00,-5.00,3.00,3.00,8723.00
4.00,-2.00,-4.00,-2.00,1.00,-4.00,-5.00,-4.00,0.00,-3.00,-3.00,-3.00,-5.00,-1.00,-3.00,2.00,-4.00,3.00,-2.00,-2.00,-1.00,4.00,1.00,-2.00,-2.00,-3.00,-3.00,1.00,0.00,-3.00,-3.00,-1.00,0.00,1.00,-3.00,-2.00,3.00,0.00,2.00,3.00,-4.00,-4.00,-5.00,-5.00,-5.00,-2.00,2.00,4.00,1.00,2.00,3.00,3.00,2.00,-4.00,0.00,-3.00,-2.00,-4.00,1.00,1.00,-1.00,-3.00,-4.00,4.00,2.00,-3.00,3.00,-3.00,3.00,-3.00,1.00,-5.00,2.00,4.00,-1.00,-4.00,3.00,1.00,-4.00,101.00,-5.00,2.00,3.00,4.00,0.00,-4.00,3.00,-1.00,-4.00,1.00,-1.00,2.00,0.00,2.00,4.00,-2.00,-5.00,-1.00,-1.00,4.00,6202.00
0.00,-5.00,2.00,-1.00,4.00,1.00,-1.00,2.00,0.00,0.00,3.00,0.00,-5.00,-3.00,-4.00,2.00,-5.00,-3.00,-4.00,3.00,-4.00,-3.00,1.00,1.00,-5.00,3.00,-4.00,-4.00,3.00,-3.00,3.00,-5.00,3.00,3.00,0.00,-3.00,3.00,-5.00,-2.00,2.00,-2.00,0.00,-1.00,-2.00,-3.00,0.00,-1.00,0.00,-4.00,3.00,3.00,-1.00,-5.00,-4.00,3.00,-3.00,4.00,2.00,1.00,-3.00,-3.00,-1.00,-4.00,2.00,-1.00,-3.00,-4.00,-1.00,-3.00,4.00,-1.00,2.00,-5.00,-2.00,-4.00,1.00,-4.00,2.00,2.00,-3.00,101.00,0.00,-2.00,2.00,2.00,4.00,-4.00,-2.00,3.00,-3.00,-1.00,2.00,-3.00,-3.00,-3.00,2.00,-1.00,-4.00,3.00,3.00,4669.00
-4.00,2.00,-2.00,-3.00,-4.00,-5.00,4.00,-4.00,0.00,2.00,3.00,4.00,-4.00,2.00,-2.00,2.00,3.00,2.00,-1.00,1.00,0.00,-3.00,-4.00,4.00,4.00,4.00,2.00,-3.00,1.00,-5.00,-3.00,0.00,-4.00,-5.00,-5.00,-4.00,-5.00,4.00,3.00,-1.00,-4.00,0.00,-5.00,4.00,0.00,-3.00,-1.00,-2.00,-5.00,-5.00,-4.00,1.00,3.00,2.00,-4.00,2.00,-5.00,-3.00,2.00,2.00,1.00,-1.00,0.00,4.00,1.00,-5.00,0.00,0.00,3.00,0.00,-1.00,-2.00,-2.00,1.00,-2.00,2.00,1.00,-3.00,2.00,4.00,1.00,101.00,2.00,0.00,-5.00,3.00,0.00,-5.00,2.00,-2.00,1.00,1.00,-3.00,0.00,-4.00,2.00,-5.00,-2.00,2.00,-3.00,5309.00
0.00,-1.00,0.00,-1.00,1.00,-5.00,1.00,2.00,0.00,2.00,3.00,3.00,-4.00,1.00,4.00,-3.00,-3.00,-2.00,3.00,-3.00,-4.00,-4.00,1.00,-1.00,2.00,3.00,1.00,3.00,-3.00,-2.00,2.00,-4.00,-4.00,4.00,2.00,-5.00,2.00,4.00,-5.00,-1.00,-5.00,2.00,2.00,4.00,1.00,4.00,3.00,-4.00,3.00,-3.00,-4.00,2.00,-2.00,-2.00,1.00,4.00,-2.00,-4.00,1.00,-1.00,3.00,3.00,0.00,-4.00,-4.00,-5.00,-2.00,1.00,4.00,1.00,4.00,1.00,3.00,4.00,0.00,-1.00,3.00,-1.00,-3.00,1.00,3.00,1.00,101.00,-2.00,-2.00,-4.00,1.00,-5.00,1.00,4.00,-3.00,-5.00,-2.00,-2.00,1.00,1.00,1.00,-1.00,3.00,1.00,7833.00
-5.00,-5.00,1.00,4.00,3.00,2.00,3.00,-1.00,4.00,2.00,3.00,-5.00,-4.00,-4.00,-5.00,-2.00,-1.00,4.00,2.00,-5.00,-2.00,-3.00,2.00,-5.00,0.00,-3.00,-3.00,4.00,-5.00,-4.00,0.00,0.00,1.00,2.00,-2.00,4.00,1.00,3.00,0.00,4.00,1.00,1.00,-5.00,-2.00,1.00,-3.00,-4.00,-2.00,3.00,2.00,0.00,4.00,4.00,2.00,0.00,-3.00,-3.00,2.00,-5.00,-2.00,0.00,0.00,-3.00,1.00,0.00,-3.00,2.00,-5.00,4.00,0.00,0.00,2.00,2.00,2.00,-2.00,1.00,0.00,0.00,1.00,-4.00,-2.00,0.00,-2.00,101.00,-5.00,1.00,-4.00,2.00,-2.00,3.00,-1.00,-2.00,-1.00,1.00,-1.00,3.00,0.00,-3.00,0.00,-4.00,6215.00
1.00,-2.00,-5.00,-1.00,-1.00,2.00,-3.00,-1.00,1.00,-4.00,1.00,1.00,1.00,-2.00,-2.00,-4.00,1.00,0.00,0.00,1.00,3.00,3.00,4.00,-4.00,-1.00,2.00,-5.00,-1.00,0.00,0.00,0.00,-1.00,2.00,0.00,-3.00,4.00,3.00,-5.00,-3.00,1.00,0.00,-3.00,0.00,3.00,4.00,4.00,3.00,1.00,-2.00,-5.00,-5.00,-4.00,-2.00,3.00,1.00,3.00,3.00,-3.00,0.00,4.00,2.00,-4.00,-1.00,-3.00,-5.00,4.00,3.00,-4.00,2.00,1.00,0.00,1.00,0.00,-2.00,-2.00,0.00,1.00,-2.00,0.00,0.00,2.00,-5.00,-4.00,-5.00,101.00,-2.00,2.00,-2.00,-4.00,-2.00,-1.00,4.00,1.00,-5.00,-3.00,-4.00,4.00,3.00,3.00,3.00,6821.00
2.00,0.00,-5.00,4.00,-5.00,-2.00,2.00,-3.00,0.00,-3.00,-2.00,0.00,2.00,2.00,4.00,-5.00,-4.00,-4.00,-1.00,-1.00,0.00,4.00,0.00,1.00,-1.00,2.00,1.00,3.00,-5.00,-5.00,-5.00,3.00,1.00,2.00,3.00,-2.00,-2.00,3.00,-3.00,1.00,-2.00,3.00,0.00,1.00,2.00,-5.00,1.00,-4.00,-4.00,-2.00,4.00,0.00,-5.00,-4.00,-2.00,3.00,3.00,1.00,2.00,4.00,2.00,-5.00,1.00,-5.00,-4.00,-1.00,1.00,-1.00,-3.00,3.00,-3.00,-3.00,1.00,3.00,2.00,4.00,-3.00,4.00,-2.00,3.00,1.00,-5.00,1.00,1.00,3.00,101.00,3.00,1.00,2.00,-2.00,-2.00,-4.00,-4.00,0.00,-5.00,-1.00,-5.00,-2.00,-1.00,-1.00,6094.00
-1.00,-3.00,-1.00,4.00,-4.00,-2.00,2.00,-4.00,-3.00,-2.00,3.00,-4.00,-1.00,-4.00,0.00,-5.00,-3.00,1.00,1.00,-5.00,2.00,-2.00,2.00,-3.00,-5.00,-5.00,3.00,0.00,4.00,4.00,-4.00,4.00,0.00,1.00,4.00,-2.00,4.00,-2.00,-1.00,2.00,0.00,1.00,0.00,-3.00,1.00,2.00,-3.00,-1.00,3.00,3.00,-3.00,3.00,-5.00,2.00,2.00,-4.00,1.00,1.00,1.00,2.00,-1.00,-5.00,2.00,0.00,-4.00,-2.00,-2.00,4.00,1.00,-3.00,4.00,-5.00,2.00,-5.00,1.00,-2.00,2.00,-2.00,-5.00,-5.00,0.00,4.00,-4.00,-4.00,-3.00,-3.00,101.00,-3.00,-5.00,0.00,-4.00,3.00,3.00,-4.00,-3.00,2.00,0.00,0.00,-5.00,-4.00,4303.00
-3.00,-5.00,3.00,2.00,-3.00,-5.00,4.00,2.00,-2.00,-5.00,1.00,-3.00,-2.00,4.00,-3.00,4.00,-2.00,-2.00,-2.00,-1.00,1.00,1.00,0.00,-1.00,-5.00,-3.00,-3.00,0.00,-2.00,4.00,0.00,2.00,3.00,4.00,-1.00,1.00,-2.00,-1.00,-3.00,-5.00,0.00,1.00,4.00,3.00,0.00,-3.00,3.00,4.00,4.00,-3.00,-2.00,2.00,-5.00,1.00,-2.00,-5.00,-4.00,1.00,2.00,0.00,1.00,-2.00,4.00,-5.00,1.00,-2.00,1.00,0.00,2.00,-4.00,-4.00,-4.00,-5.00,1.00,-2.00,3.00,3.00,2.00,-1.00,3.00,4.00,-5.00,4.00,0.00,1.00,0.00,-3.00,101.00,-1.00,3.00,2.00,-5.00,3.00,-2.00,3.00,2.00,-4.00,3.00,-3.00,2.00,8163.00
0.00,1.00,-5.00,-3.00,-1.00,-3.00,2.00,1.00,-2.00,1.00,3.00,1.00,-1.00,0.00,-2.00,-5.00,3.00,1.00,4.00,3.00,3.00,-3.00,-4.00,1.00,-2.00,-3.00,1.00,-5.00,1.00,-3.00,3.00,3.00,1.00,-3.00,1.00,-4.00,-2.00,-1.00,3.00,2.00,-3.00,0.00,-4.00,0.00,2.00,-4.00,2.00,-1.00,3.00,-5.00,-1.00,1.00,-1.00,-4.00,0.00,1.00,-1.00,0.00,1.00,0.00,-5.00,-1.00,4.00,-3.00,-4.00,2.00,2.00,2.00,2.00,1.00,-2.00,0.00,-3.00,-4.00,2.00,4.00,1.00,-4.00,0.00,1.00,4.00,1.00,-4.00,3.00,-5.00,-1.00,2.00,0.00,101.00,2.00,-2.00,0.00,2.00,-1.00,-5.00,0.00,3.00,-1.00,-2.00,-4.00,7033.00
1.00,-2.00,3.00,-5.00,-4.00,-5.00,-2.00,-2.00,4.00,-3.00,-2.00,2.00,3.00,4.00,-2.00,2.00,-5.00,-2.00,2.00,-4.00,-2.00,-2.00,-5.00,-1.00,4.00,3.00,-2.00,3.00,2.00,-5.00,3.00,-1.00,-3.00,3.00,1.00,-1.00,3.00,1.00,2.00,0.00,2.00,2.00,-4.00,0.00,-5.00,-5.00,0.00,3.00,4.00,3.00,-3.00,3.00,2.00,1.00,-2.00,0.00,3.00,-5.00,-4.00,-5.00,2.00,-3.00,4.00,-2.00,3.00,1.00,-5.00,2.00,-2.00,1.00,-5.00,3.00,1.00,1.00,-5.00,4.00,4.00,-2.00,-3.00,3.00,-5.00,2.00,0.00,0.00,-3.00,1.00,-5.00,4.00,0.00,101.00,-5.00,2.00,-1.00,0.00,0.00,1.00,-5.00,3.00,4.00,-5.00,7636.00
-2.00,2.00,2.00,-2.00,0.00,-2.00,-1.00,1.00,-1.00,-3.00,0.00,-4.00,0.00,-4.00,0.00,-1.00,3.00,-4.00,-2.00,-5.00,0.00,1.00,0.00,-5.00,4.00,2.00,0.00,2.00,4.00,-2.00,-1.00,3.00,-2.00,3.00,1.00,-5.00,2.00,4.00,1.00,0.00,0.00,2.00,-2.00,1.00,-5.00,-2.00,-2.00,4.00,4.00,-2.00,-5.00,-4.00,-4.00,3.00,-2.00,3.00,3.00,-3.00,-5.00,3.00,-2.00,1.00,-5.00,3.00,0.00,-4.00,0.00,4.00,1.00,-2.00,1.00,4.00,-1.00,-1.00,4.00,4.00,2.00,3.00,-4.00,0.00,-3.00,-2.00,-5.00,2.00,0.00,-1.00,-1.00,0.00,-2.00,-3.00,101.00,-5.00,2.00,2.00,0.00,-3.00,1.00,1.00,-5.00,-4.00,6888.00
-1.00,-4.00,-4.00,3.00,1.00,0.00,1.00,4.00,-1.00,1.00,-3.00,-3.00,-3.00,-4.00,-5.00,0.00,-5.00,3.00,4.00,2.00,2.00,3.00,-3.00,-4.00,-1.00,-2.00,3.00,-5.00,2.00,3.00,2.00,4.00,4.00,-5.00,-5.00,1.00,-5.00,3.00,-4.00,-5.00,1.00,-5.00,-1.00,3.00,2.00,-2.00,0.00,4.00,2.00,3.00,1.00,-1.00,3.00,1.00,0.00,-2.00,-2.00,-4.00,3.00,1.00,-2.00,4.00,2.00,-2.00,-4.00,2.00,0.00,-3.00,0.00,-5.00,-3.00,-4.00,0.00,-5.00,-2.00,3.00,2.00,0.00,-2.00,-3.00,-1.00,4.00,-5.00,3.00,0.00,-2.00,-2.00,2.00,0.00,-5.00,0.00,101.00,-5.00,-3.00,3.00,-4.00,-2.00,1.00,-2.00,-4.00,5393.00
3.00,1.00,-5.00,4.00,2.00,2.00,-3.00,3.00,4.00,-3.00,-2.00,3.00,4.00,3.00,1.00,-5.00,-3.00,0.00,2.00,2.00,-1.00,-1.00,-3.00,-3.00,1.00,-1.00,0.00,-1.00,3.00,-2.00,-1.00,-4.00,0.00,-5.00,2.00,3.00,3.00,2.00,-1.00,-3.00,2.00,3.00,-4.00,4.00,3.00,-5.00,-3.00,-5.00,-3.00,-1.00,2.00,0.00,2.00,-5.00,2.00,-5.00,-5.00,0.00,-1.00,-2.00,-1.00,-1.00,-5.00,3.00,-3.00,0.00,-5.00,-2.00,3.00,-4.00,-1.00,2.00,-2.00,-5.00,-1.00,2.00,2.00,-5.00,4.00,0.00,2.00,2.00,0.00,-5.00,3.00,4.00,-2.00,3.00,-1.00,4.00,-5.00,1.00,101.00,0.00,-5.00,3.00,-2.00,-5.00,-3.00,-3.00,5798.00
1.00,2.00,-4.00,-1.00,-4.00,-5.00,0.00,-3.00,-2.00,-2.00,-1.00,2.00,3.00,-1.00,-3.00,1.00,3.00,2.00,-4.00,2.00,-2.00,-3.00,-3.00,-5.00,-4.00,0.00,0.00,1.00,2.00,-4.00,-2.00,3.00,-3.00,2.00,-2.00,1.00,-2.00,-1.00,2.00,0.00,1.00,4.00,-3.00,3.00,-3.00,-1.00,-4.00,1.00,3.00,0.00,-1.00,-1.00,-1.00,3.00,-4.00,-4.00,-5.00,-2.00,0.00,3.00,4.00,4.00,-5.00,4.00,-3.00,3.00,-2.00,-5.00,-4.00,-1.00,0.00,-1.00,-4.00,0.00,-1.00,1.00,3.00,2.00,-1.00,4.00,-2.00,0.00,1.00,-3.00,3.00,-2.00,1.00,1.00,1.00,0.00,0.00,2.00,-2.00,101.00,-4.00,4.00,3.00,4.00,2.00,-3.00,8794.00
-3.00,1.00,-3.00,-4.00,0.00,4.00,-1.00,2.00,3.00,4.00,4.00,0.00,-3.00,-3.00,-3.00,2.00,-4.00,3.00,-1.00,-4.00,-5.00,4.00,3.00,0.00,2.00,3.00,-1.00,0.00,0.00,4.00,2.00,0.00,1.00,-2.00,-4.00,4.00,-1.00,-1.00,1.00,1.00,-4.00,-3.00,4.00,3.00,-4.00,-5.00,-1.00,0.00,-2.00,-3.00,3.00,-3.00,-5.00,-4.00,2.00,-3.00,2.00,4.00,-4.00,3.00,-5.00,0.00,0.00,-5.00,-5.00,-4.00,3.00,0.00,3.00,-4.00,-1.00,2.00,0.00,-4.00,-3.00,-5.00,-4.00,2.00,0.00,4.00,-4.00,-2.00,0.00,4.00,-2.00,-3.00,-4.00,0.00,4.00,2.00,-1.00,0.00,-1.00,-3.00,101.00,2.00,-1.00,0.00,0.00,0.00,6362.00
4.00,3.00,0.00,0.00,-4.00,1.00,4.00,4.00,2.00,-3.00,3.00,4.00,-2.00,-4.00,-4.00,-4.00,1.00,3.00,4.00,3.00,1.00,-4.00,-4.00,-2.00,-4.00,-4.00,4.00,1.00,2.00,-3.00,-4.00,0.00,0.00,3.00,4.00,-4.00,-5.00,-1.00,-1.00,3.00,-2.00,1.00,-2.00,-2.00,-4.00,-4.00,-3.00,-2.00,4.00,-2.00,-5.00,1.00,-5.00,1.00,-3.00,1.00,-1.00,-2.00,-4.00,-3.00,4.00,-2.00,-3.00,-3.00,4.00,-3.00,-1.00,4.00,-5.00,1.00,0.00,0.00,-3.00,-3.00,1.00,0.00,0.00,-5.00,1.00,3.00,1.00,3.00,-1.00,-2.00,1.00,1.00,0.00,0.00,-4.00,4.00,1.00,3.00,1.00,3.00,3.00,101.00,0.00,4.00,-3.00,-2.00,7983.00
3.00,4.00,-2.00,1.00,3.00,-4.00,-5.00,-1.00,-4.00,2.00,2.00,4.00,-4.00,-3.00,4.00,0.00,-2.00,4.00,-5.00,-4.00,3.00,0.00,2.00,0.00,2.00,-5.00,3.00,1.00,0.00,-3.00,-3.00,0.00,3.00,0.00,1.00,-5.00,-4.00,-2.00,1.00,3.00,2.00,-2.00,-1.00,1.00,1.00,0.00,2.00,3.00,1.00,3.00,-1.00,-1.00,-2.00,4.00,0.00,-3.00,-2.00,2.00,2.00,1.00,2.00,-5.00,2.00,4.00,1.00,3.00,-5.00,-3.00,-1.00,0.00,3.00,-1.00,3.00,4.00,2.00,-3.00,-4.00,-5.00,4.00,1.00,-2.00,-2.00,1.00,-4.00,3.00,-1.00,3.00,-3.00,-2.00,1.00,2.00,2.00,0.00,-2.00,-3.00,1.00,101.00,0.00,-4.00,1.00,9298.00
-1.00,-1.00,-3.00,-2.00,-5.00,-5.00,1.00,4.00,-1.00,3.00,-5.00,-3.00,1.00,0.00,-2.00,-2.00,-1.00,-4.00,3.00,-4.00,0.00,-2.00,-2.00,-2.00,1.00,-2.00,0.00,-2.00,-3.00,2.00,-1.00,4.00,2.00,1.00,-1.00,-1.00,-4.00,0.00,-3.00,-5.00,-5.00,2.00,0.00,0.00,-2.00,-4.00,-3.00,0.00,4.00,3.00,3.00,1.00,-5.00,1.00,-2.00,-2.00,2.00,-2.00,-5.00,-1.00,-1.00,0.00,-1.00,-1.00,-4.00,0.00,-5.00,2.00,-3.00,4.00,2.00,3.00,-2.00,3.00,4.00,4.00,1.00,0.00,-1.00,1.00,2.00,2.00,-3.00,-4.00,-5.00,-4.00,0.00,0.00,-2.00,2.00,1.00,3.00,2.00,-2.00,3.00,-1.00,2.00,101.00,4.00,-1.00,8829.00
-5.00,-4.00,-2.00,0.00,2.00,-5.00,-4.00,2.00,2.00,-5.00,-1.00,-4.00,4.00,-4.00,-5.00,-5.00,1.00,-2.00,3.00,-2.00,-5.00,-3.00,0.00,-4.00,0.00,1.00,3.00,-1.00,-4.00,-2.00,-2.00,3.00,1.00,2.00,3.00,-3.00,3.00,-3.00,-1.00,-1.00,1.00,4.00,3.00,2.00,-5.00,-4.00,1.00,-3.00,1.00,-1.00,-1.00,0.00,-3.00,4.00,3.00,-1.00,-4.00,1.00,0.00,3.00,4.00,-5.00,-2.00,3.00,0.00,0.00,-3.00,-1.00,-3.00,-1.00,0.00,-5.00,-2.00,-1.00,-3.00,-1.00,-4.00,3.00,-5.00,-1.00,-4.00,-4.00,-3.00,-2.00,1.00,-5.00,-4.00,0.00,4.00,3.00,-1.00,2.00,-2.00,4.00,1.00,3.00,0.00,-1.00,101.00,-1.00,6782.00
2.00,4.00,3.00,-4.00,-3.00,-3.00,-3.00,2.00,-3.00,2.00,3.00,-3.00,3.00,-2.00,-2.00,3.00,-4.00,-5.00,1.00,4.00,4.00,4.00,2.00,-1.00,1.00,-4.00,4.00,0.00,3.00,4.00,4.00,-4.00,4.00,2.00,4.00,-2.00,-1.00,0.00,-5.00,-2.00,4.00,-1.00,-3.00,3.00,-1.00,2.00,-3.00,2.00,1.00,-3.00,-3.00,-5.00,3.00,4.00,-4.00,-2.00,2.00,-2.00,0.00,-1.00,3.00,0.00,-1.00,-4.00,-1.00,-3.00,-2.00,-1.00,1.00,-2.00,-4.00,-4.00,-2.00,0.00,1.00,1.00,3.00,-4.00,-4.00,-5.00,-5.00,-2.00,2.00,-4.00,-4.00,-3.00,4.00,1.00,4.00,-1.00,-2.00,-5.00,-4.00,2.00,4.00,2.00,0.00,-4.00,0.00,101.00,6684.00
